5.04,8,714,176,2,1,0,0,3,100,0,0,0
0.12,44,192,192,0,0,0,0,58,94,1,0,0
4.6,8,657,176,2,1,0,0,8,100,0,0,0
4.64,8,617,176,3,1,0,0,9,100,0,0,0
0,49,0,0,0,0,0,0.75,1,1,1,1,1
0,49,376,0,0,0,0,1,0,0,0,0,0
4.66,8,639,176,3,1,0,0,10,100,0,0,0
4.66,8,625,176,4,1,0,0,11,100,0,0,0
0,49,0,0,0,0,0,1,1,1,1,1,1
0,49,0,0,0,0,0,1,0,0,0,0,0
0,49,0,0,0,0,0,1,0,2,0,0,1
0.5,8,0,8,0,0,0,0,0,100,0,0,0
4.79,8,617,176,1,1,0,0,12,100,0,0,0
0,49,0,0,0,0,0,1,0,1,0,0,1
4.67,8,616,176,2,1,0,0,13,100,0,0,0
5.13,8,689,176,3,1,0,0,4,100,0,0,0
1.1,49,128,219,0,0,0,1,4,15,0,0,0
4.69,8,627,176,4,1,0,0,14,100,0,0,0
4.69,8,621,176,5,1,0,0,15,100,0,0,0
10.25,8,2237,167,6,1,0,0,0,100,0,0,0
0,49,0,0,0,0,0,0.5,0,1,0,0,1
637.03,8,0,106,7,1,0,0,0,100,0,0,0
0,49,0,0,0,0,0,0.5,0,1,0,0,1
0,49,0,0,0,0,0,0.67,0,1,0,0,1
3.62,8,7106,245,0,0,0,0,0,100,0,0,0
4.77,8,658,176,1,1,0,0,16,100,0,0,0
35.15,8,5114,245,2,1,0,0,0,100,0,0,0
0,49,0,0,0,0,0,1,0,1,0,0,1
3.56,8,2226,167,3,1,0,0,0,100,0,0,0
4.64,8,635,176,4,1,0,0,17,100,0,0,0
4.73,8,686,176,5,1,0,0,5,100,0,0,0
1.2,49,128,219,0,0,0,1,0,16,0,0,0
4.81,8,677,176,6,1,0,0,18,100,0,0,0
4.88,8,673,176,7,1,0,0,19,100,0,0,0
35.46,8,38682,94,8,1,0,0,0,100,0,0,0
0,8,0,0,6,1,0,0,3,100,0,0,0
0,8,0,0,7,1,0,0,4,100,0,0,0
2.17,8,7121,245,8,1,0,0,0,100,0,0,0
2.21,8,5246,245,9,1,0,0,0,100,0,0,0
7.1,49,2473,1518,1,1,0,0,1,17,0,0,0
65.64,8,0,0,10,1,0,0,6,100,0,0,0
65.81,8,0,0,11,1,0,0,7,100,0,0,0
0,49,0,0,0,0,0,0,0,0,0,0,0
0,49,0,0,0,0,0,0.33,0,0,0,0,0
1.11,49,128,219,0,0,0,0,5,18,0,0,0
3.02,8,2218,167,0,0,0,0,1,100,0,0,0
4.71,8,633,176,1,1,0,0,20,100,0,0,0
4.69,8,618,176,2,1,0,0,21,100,0,0,0
4.46,8,672,176,3,1,0,0,8,100,0,0,0
4.74,8,631,176,4,1,0,0,22,100,0,0,0
4.71,8,648,176,5,1,0,0,23,100,0,0,0
627.76,8,0,106,6,1,0,0,1,100,0,0,0
5.05,8,685,176,7,1,0,0,9,100,0,0,0
0,49,0,0,0,0,0,0,0,1,0,0,1
0,49,0,0,0,0,0,0.5,0,0,0,0,0
5.21,8,690,176,4,1,0,0,10,100,0,0,0
0,49,0,0,0,0,0,1,0,0,0,0,0
4.77,8,654,176,2,1,0,0,24,100,0,0,0
11.57,8,5155,245,3,1,0,0,0,100,0,0,0
4.79,8,642,176,3,1,0,0,25,100,0,0,0
4.92,8,667,176,3,1,0,0,26,100,0,0,0
4.91,8,642,176,4,1,0,0,27,100,0,0,0
0,49,0,0,0,0,0,0,0,0,0,0,0
5.26,8,658,176,2,1,0,0,11,100,0,0,0
13.62,8,6356,317,3,1,0,0,0,100,0,0,0
0,49,0,0,0,0,0,1,0,1,0,0,1
620.53,8,0,106,2,1,0,0,2,100,0,0,0
4.89,8,647,176,3,1,0,0,28,100,0,0,0
4.97,8,657,176,4,1,0,0,29,100,0,0,0
0,49,0,0,0,0,0,1,0,2,0,0,1
0,8,0,0,3,1,0,0,0,100,0,0,0
3.53,8,2256,167,4,1,0,0,0,100,0,0,0
4.96,8,665,176,5,1,0,0,12,100,0,0,0
0,49,376,0,0,0,0,1,0,1,0,0,1
0.59,8,2406,300,5,1,0,0,0,100,0,0,0
1.11,49,128,219,0,0,0,1,6,17,0,0,0
1.67,8,2249,167,6,1,0,0,0,100,0,0,0
9.41,49,2475,1518,1,1,0,0.5,7,18,0,0,0
0,8,0,0,2,1,0,0,3,100,0,0,0
3.93,8,2262,167,3,1,0,0,0,100,0,0,0
66.08,8,0,0,4,1,0,0,13,100,0,0,0
0,49,0,0,0,0,0,0.33,0,0,0,0,0
0,8,0,0,3,1,0,0,4,100,0,0,0
613.59,8,0,106,4,1,0,0,3,100,0,0,0
8.61,8,545,301,2,1,0,0,0,100,0,0,0
72.02,8,0,0,3,1,0,0,14,100,0,0,0
4.32,8,702,176,3,1,0,0,15,100,0,0,0
65.69,8,0,0,4,1,0,0,16,100,0,0,0
0,49,0,0,0,0,0,0,0,1,0,0,1
8.89,8,2456,308,4,1,0,0,0,100,0,0,0
8.89,8,2468,308,5,1,0,0,1,100,0,0,0
16.13,8,2458,308,6,1,0,0,0,100,0,0,0
16.07,8,2458,308,7,1,0,0,1,100,0,0,0
1.7,8,2445,308,6,1,0,0,0,100,0,0,0
1.73,8,2432,308,7,1,0,0,1,100,0,0,0
2.48,8,2458,308,8,1,0,0,0,100,0,0,0
2.48,8,2452,308,9,1,0,0,1,100,0,0,0
3.4,8,2510,308,10,1,0,0,0,100,0,0,0
3.49,8,2526,308,11,1,0,0,1,100,0,0,0
6.2,8,2335,276,12,1,0,0,0,100,0,0,0
2.64,8,2430,308,11,1,0,0,0,100,0,0,0
2.42,8,2471,308,12,1,0,0,0,100,0,0,0
2.38,8,2508,308,13,1,0,0,0,100,0,0,0
2.41,8,2481,308,14,1,0,0,1,100,0,0,0
2.46,8,2482,308,15,1,0,0,1,100,0,0,0
3.25,8,651,176,16,1,0,0,0,100,0,0,0
3.4,8,655,176,17,1,0,0,1,100,0,0,0
3.4,8,635,176,18,1,0,0,2,100,0,0,0
3.4,8,641,176,19,1,0,0,3,100,0,0,0
4.1,8,2323,245,20,1,0,0,0,100,0,0,0
3.19,8,2526,308,17,1,0,0,0,100,0,0,0
3.27,8,2488,308,18,1,0,0,1,100,0,0,0
3.09,8,2459,308,19,1,0,0,0,100,0,0,0
3.62,8,2419,308,20,1,0,0,0,100,0,0,0
3.64,8,2487,308,21,1,0,0,1,100,0,0,0
3.33,8,2491,308,22,1,0,0,1,100,0,0,0
0,49,0,0,0,0,0,0,0,1,0,0,1
4.63,8,5159,245,16,1,0,0,0,100,0,0,0
7.87,8,903,175,17,1,0,0,0,100,0,0,0
0,49,0,0,0,0,0,1,0,1,0,0,1
2.68,8,2464,308,8,1,0,0,0,100,0,0,0
2.83,8,2468,308,9,1,0,0,1,100,0,0,0
2.72,8,2461,308,10,1,0,0,0,100,0,0,0
2.75,8,2480,308,11,1,0,0,1,100,0,0,0
4.81,8,2454,308,12,1,0,0,1,100,0,0,0
2.92,8,629,176,7,1,0,0,4,100,0,0,0
3.59,8,2465,308,8,1,0,0,0,100,0,0,0
1.11,49,128,219,0,0,0,0,8,19,0,0,0
2.4,8,2214,167,7,1,0,0,0,100,0,0,0
2.9,8,615,176,8,1,0,0,5,100,0,0,0
2.9,8,625,176,9,1,0,0,6,100,0,0,0
2.9,8,617,176,10,1,0,0,7,100,0,0,0
5.46,8,7140,245,11,1,0,0,0,100,0,0,0
1.22,49,128,219,1,1,0,0,2,20,0,0,0
9.17,49,2766,1750,2,1,0,0,9,21,0,0,0
0,49,0,0,0,0,0,0,0,0,0,0,0
3.12,8,2466,308,5,1,0,0,1,100,0,0,0
3.66,8,2213,167,6,1,0,0,0,100,0,0,0
6.62,49,2471,1518,3,1,0,0.25,3,22,0,0,0
0,49,0,0,0,0,0,0.2,0,2,0,0,1
2.72,8,632,176,2,1,0,0,8,100,0,0,0
2.54,8,2204,167,3,1,0,0,0,100,0,0,0
0,49,0,0,0,0,0,0.4,0,1,0,0,1
2.92,8,621,176,4,1,0,0,9,100,0,0,0
0,49,0,0,0,0,0,0.67,0,0,0,0,0
2.83,8,612,176,3,1,0,0,10,100,0,0,0
2.97,8,625,176,4,1,0,0,11,100,0,0,0
2.89,8,615,176,5,1,0,0,12,100,0,0,0
0,49,0,0,0,0,0,1,0,0,0,0,0
0,49,0,0,0,0,0,1,0,0,0,0,0
2.92,8,625,176,3,1,0,0,13,100,0,0,0
0,49,0,0,0,0,0,1,0,3,0,0,1
0,49,0,0,1,1,1,1,0,4,0,0,1
2.97,8,650,176,1,1,0,0,14,100,0,0,0
2.92,8,658,176,2,1,0,0,15,100,0,0,0
3.29,8,5160,245,3,1,0,0,0,100,0,0,0
0,49,0,0,0,0,0,1,0,0,0,0,0
3.01,8,667,176,3,1,0,0,16,100,0,0,0
3.46,8,2250,167,4,1,0,0,0,100,0,0,0
3,8,659,176,4,1,0,0,17,100,0,0,0
2.84,8,667,176,3,1,0,0,18,100,0,0,0
2.89,8,649,176,4,1,0,0,19,100,0,0,0
2.97,8,623,176,3,1,0,0,20,100,0,0,0
4.52,8,5187,245,4,1,0,0,0,100,0,0,0
1.11,49,128,219,0,0,0,0,10,21,0,0,0
2.79,8,657,176,4,1,0,0,21,100,0,0,0
5.71,8,2561,308,5,1,0,0,0,100,0,0,0
0,49,0,0,0,0,0,0,0,0,0,0,0
2.86,8,639,176,4,1,0,0,22,100,0,0,0
4.61,8,7156,245,5,1,0,0,0,100,0,0,0
4.61,8,7175,245,6,1,0,0,1,100,0,0,0
6.95,8,2495,308,7,1,0,0,1,100,0,0,0
18.37,8,2756,575,8,1,0,0,0,100,0,0,0
26.37,8,493,245,9,1,0,0,0,100,0,0,0
2.91,8,647,176,8,1,0,0,23,100,0,0,0
2.97,8,649,176,9,1,0,0,24,100,0,0,0
5.33,8,7128,245,10,1,0,0,0,100,0,0,0
7.81,49,2475,1518,1,1,0,0.5,11,22,0,0,0
0,49,0,0,0,0,0,0.33,0,0,0,0,0
0,8,0,0,9,1,0,0,2,100,0,0,0
2.97,8,645,176,10,1,0,0,25,100,0,0,0
5.98,8,2245,167,11,1,0,0,1,100,0,0,0
4.23,8,663,176,6,1,0,0,26,100,0,0,0
4.15,8,632,176,4,1,0,0,27,100,0,0,0
3.91,8,654,176,5,1,0,0,28,100,0,0,0
0,49,0,0,0,0,0,0,0,2,0,0,1
0,49,9,0,0,0,0,1,0,0,0,0,0
2.94,8,667,176,3,1,0,0,29,100,0,0,0
6.6,8,2528,308,4,1,0,0,0,100,0,0,0
6.64,8,2482,308,5,1,0,0,1,100,0,0,0
26.91,8,2500,308,6,1,0,0,0,100,0,0,0
26.92,8,2446,308,7,1,0,0,1,100,0,0,0
5.68,8,974,338,7,1,0,0,0,100,0,0,0
0,49,0,0,0,0,0,1,0,0,0,0,0
0,49,0,0,0,0,0,1,0,0,0,0,0
1.16,49,128,219,0,0,0,1,0,21,0,0,0
3.31,8,2497,308,0,0,0,0,0,100,0,0,0
3.44,8,2437,308,1,1,0,0,1,100,0,0,0
0,49,0,0,0,0,0,0.5,0,0,0,0,0
6.61,49,2475,1518,1,1,0,0.67,1,21,0,0,0
96.28,8,35050,245,2,1,0,0,0,100,0,0,0
0,49,0,0,0,0,0,0.33,0,2,0,0,1
1.11,49,128,219,1,1,0,0.5,12,22,0,0,0
3.56,8,2224,167,1,1,0,0,0,100,0,0,0
6.79,8,2483,308,2,1,0,0,0,100,0,0,0
6.83,8,2483,308,3,1,0,0,1,100,0,0,0
7.36,49,51,0,0,0,0,0.33,0,0,0,0,0
7.4,49,2764,1750,1,1,0,0.33,13,23,0,0,0
5.23,8,10344,338,0,0,0,0,0,100,0,0,0
18.66,8,7074,583,1,1,0,0,0,100,0,0,0
0,8,0,0,0,0,0,0,3,100,0,0,0
15.98,8,7112,245,1,1,0,0,0,100,0,0,0
1.75,8,2458,308,2,1,0,0,0,100,0,0,0
1.72,8,2473,308,3,1,0,0,1,100,0,0,0
7.89,49,51,0,0,0,0,0,0,1,0,0,0
1.17,49,128,219,0,0,0,0,14,23,0,0,0
34.89,8,6034,245,0,0,0,0,0,100,0,0,0
6.31,49,2475,1518,1,1,0,0,15,24,0,0,0
0,49,0,0,0,0,0,0,0,1,0,0,1
0,49,0,0,0,0,0,0,0,0,0,0,0
0,49,0,0,0,0,0,1,0,1,0,0,1
5.1,8,680,176,0,0,0,0,3,100,0,0,0
5.55,8,653,176,1,1,0,0,4,100,0,0,0
1.11,49,128,219,0,0,0,0,14,23,0,0,0
4.08,8,7132,245,1,1,0,0,0,100,0,0,0
0,49,0,0,0,0,0,0,0,4,0,0,1
4.67,8,665,176,2,1,0,0,3,100,0,0,0
6.28,49,2475,1518,1,1,0,0.5,15,23,0,0,0
0,49,0,0,0,0,0,0.33,0,0,0,0,0
1.13,49,128,219,2,1,0,0.5,0,24,0,0,0
4.95,8,651,176,2,1,0,0,3,100,0,0,0
5,8,686,176,3,1,0,0,4,100,0,0,0
4.95,8,695,176,3,1,0,0,5,100,0,0,0
6.49,8,10300,338,4,1,0,0,0,100,0,0,0
6.46,49,2467,1469,2,1,0,0.33,1,25,0,0,0
0,49,0,0,0,0,0,0.25,0,0,0,0,0
0,20,0,0,3,0,0,0,11,55,0,0,0.02
5.12,8,673,176,4,1,0,0,6,100,0,0,0
0,49,0,0,0,0,0,0.33,0,1,0,0,1
12.33,8,5093,245,3,1,0,0,0,100,0,0,0
0.52,6,1879,2559,0,0,0,0,6,6,0,0,0
0.74,6,100407,2751,1,1,0,0,7,7,0,0,0
0.51,6,1895,2591,2,1,0,0,8,8,0,0,0
5.24,8,698,176,1,1,0,0,7,100,0,0,0
8.44,8,5181,245,2,1,0,0,0,100,0,0,0
10.65,8,5155,245,3,1,0,0,1,100,0,0,0
0,49,26,0,0,0,0,0,0,0,0,0,0
2.96,8,2501,308,3,1,0,0,0,100,0,0,0
2.36,8,2485,308,1,1,0,0,1,100,0,0,0
4.91,8,666,176,2,1,0,0,8,100,0,0,0
4.97,8,687,176,3,1,0,0,9,100,0,0,0
14.13,8,20596,524,4,1,0,0,0,100,0,0,0
1.1,49,128,219,0,0,0,0,16,26,0,0,0
74.71,8,0,0,4,1,0,0,10,100,0,0,0
0,49,0,0,0,0,0,0,0,1,0,0,1
0,49,0,0,0,0,0,0.5,0,2,0,0,1
6.44,49,2475,1518,1,1,0,0.67,17,26,0,0,0
1.14,49,128,219,2,1,0,0.5,2,27,0,0,0
4.31,8,5222,245,1,1,0,0,0,100,0,0,0
68.83,8,0,0,1,1,0,0,11,100,0,0,0
0,49,0,0,0,0,0,0,0,0,0,0,0
0,49,0,0,0,0,0,0.5,0,0,0,0,0
4.86,8,663,176,2,1,0,0,12,100,0,0,0
32.86,49,4517,2691,1,1,0,0.33,3,28,0,0,0
119.18,8,121,250,3,1,0,0,0,100,0,0,0
4.05,8,5237,245,2,1,0,0,1,100,0,0,0
4.71,8,683,176,1,1,0,0,13,100,0,0,0
4.8,8,5163,245,2,1,0,0,0,100,0,0,0
0,49,0,0,0,0,0,0,0,0,0,0,0
0,49,0,0,0,0,0,1,0,0,0,0,0
65.54,8,0,0,0,0,0,0,14,100,0,0,0
0,49,0,0,0,0,0,1,0,1,0,0,1
1.11,49,128,219,0,0,0,1,18,28,0,0,0
7.07,8,7333,245,1,1,0,0,0,100,0,0,0
4.49,8,672,176,2,1,0,0,15,100,0,0,0
6.41,49,2475,1518,1,1,0,0.5,19,29,0,0,0
16.11,8,3090,245,2,1,0,0,0,100,0,0,0
74.94,8,0,0,3,1,0,0,16,100,0,0,0
0,6,0,0,0,0,0,0,0,0,0,0,0
38.33,49,184,1398767,0,0,0,0,0,0,0,0,0
0,49,0,0,0,0,0,0,0,0,0,0,0
0,49,0,0,0,0,0,0.5,0,1,0,0,1
3.66,8,5243,245,0,0,0,0,1,100,0,0,0
71.72,8,0,0,1,1,0,0,17,100,0,0,0
0,49,0,0,0,0,0,0.67,0,0,0,0,0
5.4,8,5204,245,2,1,0,0,0,100,0,0,0
10.87,8,7160,245,3,1,0,0,0,100,0,0,0
13.59,8,10247,338,3,1,0,0,0,100,0,0,0
71.87,8,0,0,4,1,0,0,18,100,0,0,0
0,49,0,0,0,0,0,0,0,2,0,0,1
1.16,49,128,219,0,0,0,1,4,30,0,0,0
1.11,49,128,219,1,1,0,0.5,20,31,0,0,0
7.54,49,2764,1750,2,1,0,0,21,32,0,0,0
4.8,8,679,176,0,0,0,0,19,100,0,0,0
0,49,0,0,0,0,0,0,0,2,0,0,1
4.86,8,652,176,1,1,0,0,20,100,0,0,0
24.11,8,11217,623,2,1,0,0,0,100,0,0,0
23.93,8,2234,167,2,1,0,0,0,100,0,0,0
0,49,0,0,0,0,0,0,0,1,0,0,1
0,49,0,0,0,0,0,1,0,1,0,0,1
1.17,49,128,219,0,0,0,1,2,33,0,0,0
0,49,0,0,0,0,0,0.67,0,0,0,0,0
5.09,8,5226,245,0,0,0,0,0,100,0,0,0
6.67,49,2471,1518,1,1,0,0.5,3,34,0,0,0
4.57,8,672,176,1,1,0,0,0,100,0,0,0
4.57,8,666,176,2,1,0,0,1,100,0,0,0
4.57,8,648,176,2,1,0,0,2,100,0,0,0
4.77,8,661,176,3,1,0,0,3,100,0,0,0
1.11,49,128,219,0,0,0,0,21,34,0,0,0
6.27,49,2475,1518,1,1,0,0,22,35,0,0,0
0,49,0,0,0,0,0,0,0,0,0,0,0
2.24,8,2091,236,0,0,0,0,0,100,0,0,0
1.18,49,128,219,1,1,0,0.5,5,35,0,0,0
0,49,0,0,1,1,1,0.33,0,1,0,0,1
0,49,0,0,0,0,0,0.5,0,0,0,0,0
33.27,49,4228,2459,1,1,0,0.67,6,36,0,0,0
0,49,0,0,0,0,0,0.5,0,1,0,0,1
4.69,8,622,176,0,0,0,0,4,100,0,0,0
5.98,8,2219,167,1,1,0,0,1,100,0,0,0
4.44,8,655,176,2,1,0,0,5,100,0,0,0
0,49,0,0,0,0,0,0,0,0,0,0,0
4.83,8,644,176,3,1,0,0,6,100,0,0,0
0,49,0,0,0,0,0,1,0,0,0,0,0
13.58,8,2234,167,2,1,0,0,0,100,0,0,0
4.64,8,646,176,1,1,0,0,7,100,0,0,0
1.1,49,128,219,0,0,0,0,22,37,0,0,0
4.87,8,657,176,1,1,0,0,8,100,0,0,0
4.72,8,670,176,2,1,0,0,9,100,0,0,0
4.72,8,654,176,3,1,0,0,10,100,0,0,0
6.33,49,2475,1518,1,1,0,0,23,38,0,0,0
0,49,0,0,0,0,0,0,0,0,0,0,0
0.44,8,2127,244,3,1,0,0,0,100,0,0,0
4.83,8,670,176,1,1,0,0,11,100,0,0,0
0,49,0,0,0,0,0,0,0,0,0,0,0
4.91,8,656,176,1,1,0,0,12,100,0,0,0
0,49,0,0,0,0,0,1,0,0,0,0,0
0,49,0,0,0,0,0,1,0,0,0,0,0
5.22,8,661,176,2,1,0,0,13,100,0,0,0
0,49,0,0,0,0,0,1,0,0,0,0,0
5.06,8,647,176,2,1,0,0,14,100,0,0,0
4.24,49,128,219,0,0,0,1,7,38,0,0,0
4.55,8,5114,245,2,1,0,0,0,100,0,0,0
8.1,8,15519,431,3,1,0,0,0,100,0,0,0
5.21,8,640,176,3,1,0,0,15,100,0,0,0
0,49,0,0,0,0,0,0,92,100,1,0,0
2.47,8,2487,308,3,1,0,0,0,100,0,0,0
2.68,8,2524,308,4,1,0,0,1,100,0,0,0
1.11,49,128,219,0,0,0,0,23,38,0,0,0
0.45,8,2511,308,2,1,0,0,0,100,0,0,0
4.61,8,651,176,3,1,0,0,16,100,0,0,0
4.61,8,642,176,4,1,0,0,17,100,0,0,0
8,49,2764,1750,1,1,0,0,24,38,0,0,0
2.25,8,2515,308,3,1,0,0,0,100,0,0,0
2.28,8,2478,308,4,1,0,0,1,100,0,0,0
4.65,8,669,176,5,1,0,0,18,100,0,0,0
5.16,8,2450,308,6,1,0,0,0,100,0,0,0
5.17,8,2579,678,7,1,0,0,1,100,0,0,0
0,49,64,0,0,0,0,0,0,0,0,0,0
2.67,8,2215,167,0,0,0,0,0,100,0,0,0
4.83,8,633,176,1,1,0,0,19,100,0,0,0
0,49,0,0,0,0,0,1,0,0,0,0,0
4.82,8,635,176,2,1,0,0,20,100,0,0,0
0,49,93,0,0,0,0,1,0,0,0,0,0
4.87,8,647,176,3,1,0,0,21,100,0,0,0
4.59,8,630,176,4,1,0,0,22,100,0,0,0
12.8,8,5097,245,5,1,0,0,0,100,0,0,0
24.95,8,5116,245,3,1,0,0,0,100,0,0,0
4.61,8,654,176,1,1,0,0,23,100,0,0,0
4.46,8,674,176,2,1,0,0,24,100,0,0,0
3.86,8,2197,167,2,1,0,0,0,100,0,0,0
4.54,8,669,176,3,1,0,0,25,100,0,0,0
0,49,0,0,0,0,0,0,0,1,0,0,1
1.12,49,128,219,0,0,0,1,24,38,0,0,0
4.42,8,674,176,3,1,0,0,26,100,0,0,0
6.32,49,2475,1518,1,1,0,0.5,25,39,0,0,0
0,49,0,0,0,0,0,0.33,0,0,0,0,0
4.61,8,654,176,1,1,0,0,27,100,0,0,0
0,49,0,0,0,0,0,0.33,0,0,0,0,0
0,8,0,0,1,1,0,0,0,100,0,0,0
4.58,8,641,176,2,1,0,0,28,100,0,0,0
4.74,8,618,176,3,1,0,0,29,100,0,0,0
0,49,0,0,0,0,0,1,0,2,0,0,1
1.15,49,128,219,0,0,0,1,8,40,0,0,0
26.59,49,0,0,0,0,0,0.5,0,0,0,0,0
30.27,49,4228,2459,1,1,0,0.33,9,41,0,0,0
4.41,8,2100,252,0,0,0,0,0,100,0,0,0
0,8,0,0,1,1,0,0,0,100,0,0,0
4.04,8,2215,167,2,1,0,0,0,100,0,0,0
4.25,8,2196,167,3,1,0,0,0,100,0,0,0
5.87,8,0,0,3,1,0,0,0,100,0,0,0
1.11,49,128,219,0,0,0,0,25,41,0,0,0
7.98,8,2230,167,4,1,0,0,0,100,0,0,0
0.81,8,2494,308,1,1,0,0,0,100,0,0,0
0.59,8,2461,308,2,1,0,0,1,100,0,0,0
6.26,49,2475,1518,1,1,0,0,25,41,0,0,0
0,49,0,0,0,0,0,0,0,0,0,0,0
0,49,0,0,0,0,0,0,0,0,0,0,0
1.14,49,128,219,0,0,0,1,10,42,0,0,0
0,49,0,0,0,0,0,0.5,0,1,0,0,1
1.11,49,128,219,1,1,0,0.67,25,42,0,0,0
6.29,49,2475,1518,2,1,0,0.33,26,42,0,0,0
0,49,0,0,0,0,0,0,0,1,0,0,1
5.14,8,665,176,0,0,0,0,21,100,0,0,0
0,49,0,0,0,0,0,1,0,0,0,0,0
5.18,8,656,176,1,1,0,0,22,100,0,0,0
0,49,0,0,0,0,0,1,0,1,0,0,1
0,49,0,0,0,0,0,1,0,1,0,0,1
5.21,8,669,176,1,1,0,0,23,100,0,0,0
1.12,49,128,219,0,0,0,0,26,41,0,0,0
6.35,49,2475,1518,1,1,0,0,27,42,0,0,0
0,49,0,0,0,0,0,0,0,0,0,0,0
0,49,0,0,0,0,0,0.33,0,0,0,0,0
1.15,49,128,219,2,1,0,0.5,11,43,0,0,0
6.59,49,2475,1469,2,1,0,0.5,12,44,0,0,0
8.31,8,5244,245,0,0,0,0,1,100,0,0,0
4.13,8,5145,245,1,1,0,0,0,100,0,0,0
0,49,0,0,0,0,0,0,0,0,0,0,0
0,49,0,0,0,0,0,1,0,0,0,0,0
6.96,8,5279,245,0,0,0,0,2,100,0,0,0
1.11,49,128,219,0,0,0,0,27,44,0,0,0
0,49,0,0,0,0,0,0,0,0,0,0,0
5.48,8,3344,200,0,0,0,0,0,100,0,0,0
6.36,49,2475,1518,1,1,0,0.5,27,44,0,0,0
7.61,49,51,0,0,0,0,0.33,0,2,0,0,0
0,49,0,0,0,0,0,0.25,0,0,0,0,0
0,49,0,0,0,0,0,0.4,0,0,0,0,0
5.27,8,5169,245,1,1,0,0,3,100,0,0,0
0,49,0,0,0,0,0,0.5,0,0,0,0,0
1.22,49,128,219,0,0,0,1,2,44,0,0,0
3.34,8,2213,167,1,1,0,0,0,100,0,0,0
3.78,49,128,219,1,1,0,0.5,11,44,0,0,0
6.62,49,2471,1518,2,1,0,0.33,3,45,0,0,0
0,49,0,0,0,0,0,0,0,0,0,0,0
0,49,0,0,0,0,0,1,0,0,0,0,0
33.64,49,4228,2459,0,0,0,1,12,44,0,0,0
0,49,0,0,0,0,0,0.67,0,2,0,0,1
1.1,49,128,219,1,1,0,0.5,25,44,0,0,0
6.25,49,2475,1518,1,1,0,0,25,44,0,0,0
0,49,0,0,0,0,0,0,0,2,0,0,1
0,49,0,0,0,0,0,0,0,0,0,0,0
0,49,0,0,0,0,0,0,0,0,0,0,0
0,49,0,0,0,0,0,1,0,2,0,0,1
1.12,49,128,219,0,0,0,0,25,44,0,0,0
6.26,49,2475,1518,1,1,0,0,25,44,0.04,0,0
0,49,0,0,0,0,0,0,0,1,0,0,1
0,49,0,0,0,0,0,0.33,0,1,0,0,1
0,49,0,0,0,0,0,0.5,0,0,0,0,0
0,49,0,0,0,0,0,0.75,0,0,0,0,0
0,49,0,0,0,0,0,1,0,1,0,0,1
14.08,8,3078,245,0,0,0,0,0,100,0,0,0
1.13,49,128,219,0,0,0,1,13,42,0,0,0
2.77,8,2234,167,0,0,0,0,1,100,0,0,0
0,49,0,0,0,0,0,0,0,0,0,0,0
1.96,8,2174,268,1,1,0,0,0,100,0,0,0
0,49,0,0,0,0,0,1,0,0,0,0,0
0,49,0,0,0,0,0,1,0,0,0,0,0
0,49,0,0,0,0,0,1,0,0,0,0,0
1.11,49,128,219,0,0,0,0.67,24,41,0,0,0
0,49,0,0,1,1,0,0,1,1,1,0,0
6.32,49,2475,1518,1,1,0,0,25,41,0,0,0
7.28,8,5170,245,0,0,0,0,0,100,0,0,0
0,49,0,0,0,0,0,0,0,1,0,0,1
0,49,32,0,0,0,0,0.2,0,0,0,0,0
0,49,0,0,2,1,0,0.33,2,2,1,0,0
3.61,8,5155,245,1,1,0,0,0,100,0,0,0
3.38,8,5169,245,2,1,0,0,1,100,0,0,0
0,49,0,0,0,0,0,0.5,0,1,0,0,1
1.16,49,128,219,0,0,0,0,12,40,0,0,0
3.39,8,5172,245,0,0,0,0,0,100,0,0,0
0,49,0,0,0,0,0,0,0,0,0,0,0
1.11,49,128,219,1,1,0,0.5,24,41,0,0,0
31.5,49,4228,2459,2,1,0,0.33,13,42,0,0,0
6.38,49,2475,1518,3,1,0,0.25,25,43,0,0,0
0,49,0,0,0,0,0,0.2,0,0,0,0,0
0,49,20,0,0,0,0,0.25,3,100,0,1,1
3.52,8,1929,245,0,0,0,0,0,100,0,0,0
0,49,0,0,0,0,0,0.4,0,2,0,0,1
2.49,8,3090,245,1,1,0,0,0,100,0,0,0
0,49,0,0,0,0,0,0,0,0,0,0,0
3.47,8,2316,245,0,0,0,0,0,100,0,0,0
0,49,0,0,0,0,0,1,0,1,0,0,1
0,49,0,0,0,0,0,1,0,0,0,0,0
3.81,8,2224,167,0,0,0,0,0,100,0,0,0
0,49,0,0,0,0,0,1,0,2,0,0,1
0,49,0,0,0,0,0,1,0,0,0,0,0
1.11,49,128,219,0,0,0,1,24,40,0,0,0
0,49,0,0,0,0,0,0.67,0,0,0,0,0
6.29,49,2475,1518,1,1,0,0.5,24,39,0,0,0
0,49,0,0,0,0,0,0.33,0,1,0,0,1
1.13,49,128,219,0,0,0,0,13,39,0,0,0
0,49,0,0,0,0,0,0,0,1,0,0,1
3.64,8,2225,167,0,0,0,0,0,100,0,0,0
1.11,49,128,219,0,0,0,0,24,39,0,0,0
0,49,0,0,0,0,0,0,0,1,0,0,1
6.3,49,2475,1518,1,1,0,0.5,25,39,0,0,0
6.15,8,2291,245,0,0,0,0,0,100,0,0,0
0,49,0,0,0,0,0,0,0,2,0,0,1
0,49,0,0,0,0,0,1,0,0,0,0,0
163.5,8,35120,245,1,1,0,0,0,100,0,0,0
0,49,0,0,0,0,0,1,0,0,0,0,0
1.15,49,128,219,0,0,0,1,12,39,0,0,0
1.29,8,499,245,1,1,0,0,0,100,0,0,0
52.98,49,8610,5061,1,1,0,0,13,39,0,0,0
1.12,49,128,219,2,1,0,0,24,40,0,0,0
6.35,49,2475,1469,2,1,0,0,25,41,0,0,0
0,49,0,0,0,0,0,0,0,1,0,0,1
0,49,0,0,0,0,0,0.5,0,0,0,0,0
0,49,0,0,0,0,0,0,0,0,0,0,0
0,49,0,0,0,0,0,0.5,88,100,1,0,0
2.18,49,0,0,0,0,0,0.5,0,0,0,0,0
8.67,8,5128,245,0,0,0,0,0,100,0,0,0
2.3,49,0,0,0,0,0,0,0,0,0,0,0
19.91,8,2414,308,1,1,0,0,0,100,0,0,0
0,49,0,0,0,0,0,0,0,0,0,0,0
0,49,0,0,0,0,0,0,0,0,0,0,0
0,49,0,0,0,0,0,0,0,0,0,0,0
3.61,8,2197,167,1,1,0,0,0,100,0,0,0
3.67,8,2197,167,2,1,0,0,0,100,0,0,0
21.07,8,5128,245,3,1,0,0,0,100,0,0,0
0,49,0,0,0,0,0,0,0,1,0,0,1
0,49,0,0,0,0,0,0.2,0,0,0,0,0
0,49,0,0,0,0,0,0.33,0,0,0,0,0
0,49,0,0,0,0,0,0.6,0,0,0,0,0
1.11,49,128,219,0,0,0,0.75,24,39,0,0,0
1.53,49,128,219,1,1,0,0.6,0,40,0,0,0
1.13,49,128,219,2,1,0,0.5,13,41,0,0,0
6.57,49,2475,1518,3,1,0,0,24,41,0,0,0
8.97,49,2475,1518,4,1,0,0,1,41,0,0,0
0,49,0,0,0,0,0,0,0,0,0,0,0
4.05,8,2208,167,0,0,0,0,0,100,0,0,0
0,8,0,48,1,1,0,0,9,100,0,0,0
0,49,0,0,0,0,0,0,0,0,0,0,0
2.12,49,0,0,0,0,0,1,0,0,0,0,0
0,49,0,0,0,0,0,0.5,0,1,0,0,1
0,49,0,0,0,0,0,0.67,0,0,0,0,0
0,49,0,0,0,0,0,0.67,90,100,1,0,0
178.04,49,181,163302,0,0,0,0,0,0,0,0,0
1.13,49,128,219,0,0,0,0,24,41,0,0,0
4.71,8,2473,308,0,0,0,0,0,100,0,0,0
6.28,49,2475,1518,1,1,0,0,25,41,0,0,0
6.82,8,2432,308,1,1,0,0,1,100,0,0,0
0,49,0,0,0,0,0,0,0,0,0,0,0
1.14,49,128,219,2,1,0,0.33,12,40,0,0,0
3.93,8,536,245,2,1,0,0,0,100,0,0,0
0,49,0,0,0,0,0,0.25,0,0,0,0,0
0,49,0,0,0,0,0,0.25,0,0,0,0,0
66.76,8,35156,245,1,1,0,0,0,100,0,0,0
1.14,49,128,219,0,0,0,0,0,41,0,0,0
3.42,8,7144,245,0,0,0,0,0,100,0,0,0
0,49,0,0,0,0,0,0,0,1,0,0,1
0,49,0,0,0,0,0,0.5,0,0,0,0,0
3.62,8,7148,245,1,1,0,0,0,100,0,0,0
6.5,49,2467,1518,1,1,0,0.67,1,40,0,0,0
0,49,0,0,0,0,0,0.5,0,1,0,0,1
0,20,0,0,2,0,0,0,12,56,0,0,0.02
0.33,49,0,0,0,0,0,0.6,0,0,0,0,0
0.33,49,0,0,0,0,0,0.5,0,2,0,0,0
2.96,49,0,0,1,1,0,0.43,0,0,0,0,0
0,49,0,0,0,0,0,0.38,0,1,0,0,1
0,13,0,0,0,0,0,0,0,18,0,0,0
0,49,0,0,0,0,0,0.33,0,0,0,0,0
4.95,8,7162,245,0,0,0,0,0,100,0,0,0
0,49,0,0,0,0,0,0.4,0,0,0,0,0
1.11,49,128,219,0,0,0,1,22,40,0,0,0
3.59,8,2183,167,1,1,0,0,0,100,0,0,0
0,49,0,0,0,0,0,0.67,0,0,0,0,0
6.28,49,2475,1518,1,1,0,0.67,22,40,0,0,0
0,49,0,0,0,0,0,0.5,0,0,0,0,0
0,49,0,0,0,0,0,0.4,0,1,0,0,1
0,8,0,58,1,1,0,0,0,100,0,0,0
0,49,0,0,0,0,0,0.4,0,0,0,0,0
0,49,0,0,0,0,0,0.5,0,1,0,0,1
0,49,376,0,0,0,0,0.6,0,0,0,0,0
1.15,49,128,219,1,1,0,0.67,11,39,0,0,0
0,49,0,0,0,0,0,0.5,21,21,1,0,0
0,49,0,0,0,0,0,0.33,0,0,0,0,0
0,49,0,0,0,0,0,0.5,0,0,0,0,0
2.02,49,0,0,0,0,0,0,0,0,0,0,0
2.28,49,0,0,0,0,0,0,0,0,0,0,0
1.11,49,128,219,0,0,0,0,22,39,0,0,0
0,49,0,0,0,0,0,0,0,1,0,0,1
8.61,49,2475,1518,1,1,0,0.33,22,39,0,0,0
0,49,0,0,0,0,0,0.25,0,1,0,0,1
0,49,0,0,0,0,0,0.5,0,0,0,0,0
0,49,0,0,0,0,0,0.4,0,0,0,0,0
0,49,0,0,0,0,0,0.25,0,0,0,0,0
2.39,49,0,0,0,0,0,1,0,0,0,0,0
1.13,49,128,219,0,0,0,0,11,39,0,0,0
0,49,0,0,0,0,0,0,0,1,0,0,1
27.08,49,4228,2459,1,1,0,0.33,12,40,0,0,0
0,49,0,0,0,0,0,0.25,0,0,0,0,0
0,49,0,0,0,0,0,0.4,0,0,0,0,0
0,49,0,0,0,0,0,0.5,0,2,0,0,1
0,49,0,0,0,0,0,0.67,0,2,0,0,1
0,49,0,0,0,0,0,1,0,0,0,0,0
0,49,0,0,0,0,0,1,0,0,0,0,0
2.19,49,0,0,0,0,0,1,0,0,0,0,0
1.11,49,128,219,0,0,0,0,22,37,0,0,0
4.55,8,2233,167,0,0,0,0,0,100,0,0,0
0,49,0,0,0,0,0,0,0,0,0,0,0
6.35,49,2475,1518,1,1,0,0.5,22,37,0,0,0
0,49,0,0,0,0,0,0.33,91,100,1,0,0
0,49,0,0,0,0,0,0.25,0,0,0,0,0
0,49,0,0,0,0,0,0.4,0,0,0,0,0
0,49,0,0,0,0,0,0.5,0,0,0,0,0
0,49,0,0,0,0,0,0.6,0,0,0,0,0
0,49,0,0,0,0,0,0.67,0,0,0,0,0
0,49,0,0,0,0,0,0.71,0,0,0,0,0
5.94,8,2050,245,0,0,0,0,0,100,0,0,0
0,49,0,0,0,0,0,1,0,0,0,0,0
0,49,0,0,0,0,0,1,0,1,0,0,1
1.15,49,128,219,0,0,0,1,11,35,0,0,0
0,49,0,0,0,0,0,0.67,0,0,0,0,0
0,49,0,0,0,0,0,0,0,0,0,0,0
0,49,0,0,0,0,0,0.5,0,1,0,0,1
0,49,376,0,0,0,0,1,0,0,0,0,0
1.11,49,128,219,0,0,0,1,20,36,0,0,0
4.06,8,5087,245,0,0,0,0,0,100,0,0,0
0,49,376,0,0,0,0,0.5,0,0,0,0,0
6.29,49,2475,1518,1,1,0,0.67,21,36,0,0,0
0,49,0,0,0,0,0,0.5,0,2,0,0,1
25.33,8,83304,253,0,0,0,0,0,100,0,0,0
2.22,49,0,0,0,0,0,0,0,0,0,0,0
4.11,49,128,219,0,0,0,0,11,37,0,0,0
0,49,0,0,0,0,0,0,0,0,0,0,0
0,49,0,0,0,0,0,0,0,0,0,0,0
0,49,0,0,0,0,0,0.25,0,0,0,0,0
0,8,0,48,0,0,0,0,4,100,0.25,0,0
1.11,49,128,219,0,0,0,0,22,38,0,0,0
2.56,8,2396,300,1,1,0,0,0,100,0,0,0
0,49,0,0,0,0,0,0,0,0,0,0,0
4.01,8,5101,245,1,1,0,0,0,100,0,0,0
53.94,49,8610,5061,1,1,0,0.5,12,38,0,0,0
6.26,49,2475,1518,2,1,0,0.33,21,38,0,0,0
0,49,0,0,0,0,0,0.25,0,0,0,0,0
3.16,8,2211,167,0,0,0,0,0,100,0,0,0
0,49,0,0,0,0,0,0,0,0,0,0,0
3.49,8,2218,167,0,0,0,0,0,100,0,0,0
0,49,0,0,0,0,0,0,0,0,0,0,0
0,49,0,0,0,0,0,0,0,0,0,0,0
0,13,0,0,0,0,0,0,0,19,0,0,0
0,49,0,0,0,0,0,0.5,0,0,0,0,0
0,49,0,0,0,0,0,1,0,1,0,0,1
1.1,49,128,219,0,0,0,1,22,38,0,0,0
0,49,33,0,0,0,0,0,0,0,0,0,0
1.16,49,128,219,1,1,0,0.5,12,38,0,0,0
6.3,49,2475,1518,2,1,0,0.33,22,38,0,0,0
0,49,0,0,3,1,0,0.25,0,0,0,0,0
3.65,8,2216,167,0,0,0,0,0,100,0,0,0
2.55,8,552,245,1,1,0,0,0,100,0,0,0
15.8,8,34567,245,2,1,0,0,0,100,0,0,0
0,49,0,0,0,0,0,0,0,0,0,0,0
0,49,0,0,0,0,0,1,0,0,0,0,0
0,8,0,58,0,0,0,0,1,100,1,0,0
26.46,8,5069,245,1,1,0,0,0,100,0,0,0
0,49,0,0,0,0,0,0.5,0,0,0,0,0
24.78,8,5084,245,2,1,0,0,1,100,0,0,0
0,49,0,0,0,0,0,0,0,0,0,0,0
1.1,49,128,219,0,0,0,1,22,38,0,0,0
0,49,0,0,0,0,0,0.5,0,0,0,0,0
6.26,49,2475,1518,1,1,0,0.5,23,39,0,0,0
0,49,0,0,0,0,0,0.33,0,0,0,0,0
0,49,0,0,0,0,0,0.5,0,2,0,0,1
2.42,49,0,0,0,0,0,1,0,0,0,0,0
1.15,49,128,219,0,0,0,0.67,12,40,0,0,0
2.97,8,835,245,0,0,0,0,0,100,0,0,0
0,49,0,0,0,0,0,0,0,0,0,0,0
0,13,0,0,0,0,0,0,0,27,0,0,0
0,49,0,0,0,0,0,0,0,1,0,0,1
1.12,49,128,219,0,0,0,1,22,39,0,0,0
0,49,0,0,0,0,0,0.5,89,100,1,0,0
8.71,49,2475,1518,1,1,0,0,23,40,0,0,0
3.05,49,0,0,0,0,0,0,0,0,0,0,0
0,49,0,0,0,0,0,0,0,0,0,0,0
3.46,8,787,245,0,0,0,0,0,100,0,0,0
1.15,49,128,219,0,0,0,0.5,12,39,0,0,0
0,49,0,0,0,0,0,0,0,0,0,0,0
0,49,0,0,0,0,0,0.5,0,0,0,0,0
0,49,0,0,0,0,0,1,0,1,0,0,1
0,49,0,0,0,0,0,1,0,0,0,0,0
7.47,8,5393,325,0,0,0,0,0,100,0,0,0
0,49,0,0,0,0,0,1,0,0,0,0,0
1.1,49,128,219,0,0,0,0,22,39,0,0,0
0,49,0,0,0,0,0,0,0,2,0,0,1
0,49,0,0,0,0,0,0.33,0,0,0,0,0
6.29,49,2475,1518,1,1,0,0.5,22,37,0,0,0
0,49,0,0,0,0,0,0.5,0,0,0,0,0
0,49,0,0,0,0,0,0.4,0,1,0,0,1
3.75,8,797,245,0,0,0,0,1,100,0,0,0
10.16,8,2246,268,1,1,0,0,0,100,0,0,0
0,49,0,0,0,0,0,0,0,0,0,0,0
0,49,0,0,0,0,0,0,0,1,0,0,1
1.26,49,128,219,0,0,0,0.5,11,37,0,0,0
0,49,0,0,0,0,0,0.33,0,0,0,0,0
0,49,0,0,0,0,0,0.5,0,0,0,0,0
28.12,49,4228,2459,1,1,0,0.6,12,38,0,0,0
0,49,0,0,0,0,0,0.5,0,0,0,0,0
0,49,0,0,0,0,0,0,0,3,0,0,1
1.11,49,128,219,0,0,0,1,21,36,0,0,0
9.3,49,2475,1518,1,1,0,0.5,21,36,0,0,0
0,49,0,0,0,0,0,0.33,0,0,0,0,0
0,49,0,0,0,0,0,0.5,0,0,0,0,0
0,8,0,48,0,0,0,0,5,100,0.4,0,0
0,49,0,0,0,0,0,0.67,0,0,0,0,0
0,49,0,0,0,0,0,0,0,2,0,0,1
0,49,0,0,0,0,0,0.5,0,0,0,0,0
0,13,0,0,0,0,0,0,0,28,0,0,0
0,49,0,0,0,0,0,0.67,0,1,0,0,1
0,49,0,0,0,0,0,1,0,0,0,0,0
0,49,0,0,1,1,0,0.5,1,1,1,0,0
0,49,0,0,0,0,0,0.33,0,1,0,0,1
1.14,49,128,219,0,0,0,0.33,11,33,0,0,0
16.1,8,588,309,0,0,0,0,0,100,0,0,0
0,49,0,0,0,0,0,0.25,0,1,0,0,1
2.31,49,0,0,0,0,0,0.5,0,0,0,0,0
2.49,49,0,0,0,0,0,0,0,0,0,0,0
0,13,0,0,0,0,0,0,0,20,0,0,0
83.75,8,716,176,0,0,0,0,0,100,0,0,0
0,49,0,0,0,0,0,0,0,0,0,0,0
0,49,0,0,0,0,0,0,0,0,0,0,0
1.11,49,128,219,0,0,0,0.5,20,33,0,0,0
0,49,0,0,0,0,0,0.33,0,0,0,0,0
368.61,8,26390,262,1,1,0,0,0,100,0,0,0
10.55,49,2475,1518,1,1,0,0.25,21,34,0,0,0
0,49,0,0,0,0,0,0.2,0,0,0,0,0
0,49,0,0,0,0,0,0.5,0,0,0,0,0
2.13,49,0,0,0,0,0,1,0,0,0,0,0
0,49,0,0,0,0,0,0.5,0,0,0,0,0
0,49,0,0,0,0,0,0.33,0,0,0,0,0
18.18,8,666,176,0,0,0,0,1,100,0,0,0
20.56,8,657,176,1,1,0,0,2,100,0,0,0
13.19,8,652,176,2,1,0,0,3,100,0,0,0
0,49,35,0,0,0,0,0,0,0,0,0,0
0,49,0,0,0,0,0,1,0,0,0,0,0
0,8,0,0,3,1,0,0,2,100,1,0,0
0,49,0,0,0,0,0,0.5,0,0,0,0,0
0,49,0,0,0,0,0,0.33,0,0,0,0,0
0,49,0,0,0,0,0,0.5,0,0,0,0,0
0,49,0,0,0,0,0,0.6,0,0,0,0,0
0,49,0,0,0,0,0,0.67,0,1,0,0,1
1.25,49,128,219,0,0,0,0.71,12,32,0,0,0
8.3,8,2306,276,0,0,0,0,0,100,0,0,0
0,49,0,0,0,0,0,0.5,0,1,0,0,1
3.12,8,105,90,1,1,0,0,0,100,0,0,0
4.03,8,2431,308,2,1,0,0,0,100,0,0,0
4.05,8,2554,308,3,1,0,0,1,100,0,0,0
27.41,49,4228,2459,1,1,0,0.5,13,33,0,0,0
3.11,8,114,166,4,1,0,0,1,100,0,0,0
3.1,8,115,90,5,1,0,0,2,100,0,0,0
3.11,8,118,166,6,1,0,0,3,100,0,0,0
0,49,0,0,0,0,0,0.5,0,0,0,0,0
3.02,8,116,166,6,1,0,0,4,100,0,0,0
2.93,8,109,90,7,1,0,0,5,100,0,0,0
1.11,49,128,219,0,0,0,1,20,33,0,0,0
3.19,8,118,166,5,1,0,0,6,100,0,0,0
5.91,8,609,176,6,1,0,0,7,100,0,0,0
3.04,8,118,166,4,1,0,0,8,100,0,0,0
6.47,49,2475,1518,1,1,0,0,20,33,0,0,0
0,49,0,0,0,0,0,0,0,1,0,0,1
0,49,0,0,0,0,0,0.33,0,1,0,0,1
5.72,8,641,176,3,1,0,0,9,100,0,0,0
7.15,8,612,176,4,1,0,0,10,100,0,0,0
0,49,0,0,0,0,0,0.5,0,0,0,0,0
4.75,8,599,176,0,0,0,0,11,100,0,0,0
0,49,0,0,0,0,0,0,0,0,0,0,0
2.01,8,114,166,1,1,0,0,12,100,0,0,0
9.41,8,621,176,2,1,0,0,4,100,0,0,0
3.88,8,816,245,3,1,0,0,2,100,0,0,0
0,49,0,0,0,0,0,0,0,0,0,0,0
0,49,0,0,0,0,0,0.5,0,1,0,0,1
2.24,8,109,90,3,1,0,0,13,100,0,0,0
0,49,0,0,0,0,0,0.67,0,0,0,0,0
0,49,0,0,0,0,0,0.75,0,0,0,0,0
0,49,0,0,0,0,0,0.8,0,1,0,0,1
0.01,49,0,0,0,0,0,1,1,1,1,0,0
0,49,0,0,0,0,0,0.83,0,1,0,0,1
0,49,0,0,0,0,0,0.8,0,0,0,0,0
1.17,49,128,219,0,0,0,0.67,11,31,0,0,0
0,49,0,0,0,0,0,0.57,0,0,0,0,0
1.11,49,128,219,1,1,0,0.2,20,32,0,0,0
8.7,8,609,176,0,0,0,0,14,100,0,0,0
0,49,0,0,0,0,0,0.17,0,1,0,0,1
6.35,49,2475,1518,2,1,0,0.2,21,33,0,0,0
0,49,0,0,0,0,0,0.33,0,1,0,0,1
17.95,8,662,176,1,1,0,0,5,100,0,0,0
17.55,8,680,176,1,1,0,0,6,100,0,0,0
3.16,8,575,245,2,1,0,0,0,100,0,0,0
3.15,8,2289,245,2,1,0,0,0,100,0,0,0
4.98,8,2370,292,3,1,0,0,0,100,0,0,0
0,49,0,0,0,0,0,0,0,1,0,0,1
0,49,0,0,0,0,0,1,0,0,0,0,0
0,49,0,0,0,0,0,1,0,1,0,0,1
0,49,0,0,0,0,0,1,0,1,0,0,1
0,49,0,0,0,0,0,1,0,2,0,0,1
2.49,49,0,0,0,0,0,1,0,0,0,0,0
0,8,0,76,0,0,0,0,15,100,0.07,0,0
0,49,0,0,0,0,0,0.5,0,0,0,0,0
1.11,49,128,219,0,0,0,1,20,32,0,0,0
0,49,0,0,0,0,0,0.5,0,0,0,0,0
1.11,49,128,219,1,1,0,0.5,12,33,0,0,0
6.31,49,2475,1518,2,1,0,0.33,21,34,0,0,0
2.17,49,0,0,0,0,0,0.25,0,1,0,0,0
0,8,0,76,0,0,0,0,16,100,0.06,0,0
27.3,49,4228,2459,3,1,0,0.2,12,34,0,0,0
0,49,0,0,0,0,0,0.17,0,0,0,0,0
0,8,0,76,1,1,0,0,17,100,0.06,0,0
0,49,0,0,0,0,0,0,0,0,0,0,0
0,49,0,0,0,0,0,0,0,0,0,0,0
0,13,0,0,0,0,0,0,0,29,0,0,0
0,13,0,0,0,0,0,0,0,0,0,0,0
0,49,0,0,0,0,0,0.5,0,0,0,0,0
0,49,0,0,0,0,0,0.67,0,2,0,0,1
0,8,0,76,0,0,0,0,18,100,0.06,0,0
0,8,0,76,1,1,0,0,19,100,0.05,0,0
121.35,8,124,98,2,1,0,0,7,100,0,0,0
254.07,8,35079,245,3,1,0,0,0,100,0,0,0
0,8,0,76,4,1,0,0,20,100,0.05,0,0
7.92,8,2327,245,5,1,0,0,0,100,0,0,0
0,49,0,0,0,0,0,0,0,0,0,0,0
0,49,0,0,0,0,0,1,0,0,0,0,0
0,49,0,0,0,0,0,1,0,0,0,0,0
1.1,49,128,219,0,0,0,1,20,32,0,0,0
0,49,0,0,0,0,0,0.75,0,1,0,0,1
5.39,8,931,261,0,0,0,0,0,100,0,0,0
5.36,8,1072,277,1,1,0,0,1,100,0,0,0
6.28,49,2475,1518,1,1,0,0.8,20,32,0,0,0
0,8,0,0,2,1,0,0,3,100,1,0,0
2.82,8,805,245,3,1,0,0,0,100,0,0,0
3.33,8,5190,245,4,1,0,0,0,100,0,0,0
2.03,49,0,0,0,0,0,0,0,0,0,0,0
1.13,49,128,219,0,0,0,0,11,32,0,0,0
3.23,8,2329,245,3,1,0,0,0,100,0,0,0
0,49,0,0,0,0,0,0,0,0,0,0,0
0,49,0,0,0,0,0,0,0,0,0,0,0
0,49,0,0,0,0,0,0.25,0,0,0,0,0
247.63,8,688,176,1,1,0,0,8,100,0,0,0
0,49,0,0,0,0,0,0.4,0,0,0,0,0
0,8,0,76,1,1,0,0,21,100,0.1,0,0
2.43,49,0,0,0,0,0,1,0,0,0,0,0
20.29,8,667,176,2,1,0,0,9,100,0,0,0
0,49,376,0,0,0,0,0,0,2,0,0,1
1.11,49,128,219,0,0,0,1,20,32,0,0,0
8.74,8,7160,245,0,0,0,0,0,100,0,0,0
8.75,8,7150,245,1,1,0,0,1,100,0,0,0
8.75,8,7142,245,2,1,0,0,2,100,0,0,0
0,49,0,0,0,0,0,0.5,0,1,0,0,1
0,49,0,0,0,0,0,0.67,0,0,0,0,0
0,8,0,76,3,1,0,0,22,100,0.09,0,0
6.85,49,2475,1518,1,1,0,0.67,20,31,0,0,0
0,49,0,0,0,0,0,0.5,0,0,0,0,0
0,7,0,0,0,0,0,0,0,0,0,0,0
0,49,0,0,0,0,0,0,0,1,0,0,1
0,8,0,76,0,0,0,0,23,100,0.09,0,0
4.64,8,3098,245,1,1,0,0,0,100,0,0,0
0,49,0,0,0,0,0,0.5,0,0,0,0,0
3.66,8,7156,245,2,1,0,0,0,100,0,0,0
0,49,0,0,0,0,0,1,0,0,0,0,0
0,49,0,0,0,0,0,1,0,0,0,0,0
0,49,0,0,0,0,0,0,0,3,0,0,1
2.06,49,0,0,0,0,0,1,0,0,0,0,0
6.61,8,21643,245,0,0,0,0,0,100,0,0,0
0,49,0,0,0,0,0,0.5,0,0,0,0,0
1.11,49,128,219,0,0,0,0.67,18,29,0,0,0
3.87,8,7126,245,1,1,0,0,0,100,0,0,0
23.18,49,4228,2459,1,1,0,0.33,19,30,0,0,0
0,49,0,0,0,0,0,0.25,0,0,0,0,0
2.13,49,0,0,0,0,0,0,0,1,0,0,0
0.48,8,0,48,0,0,0,0,24,100,0,0,0
0.48,8,0,48,1,1,0,0,25,100,0,0,0
16.03,8,3378,325,2,1,0,0,0,100,0,0,0
0,49,0,0,0,0,0,0,0,0,0,0,0
0.58,8,0,48,3,1,0,0,26,100,0,0,0
0.57,8,0,48,4,1,0,0,27,100,0,0,0
0.54,8,0,48,5,1,0,0,28,100,0,0,0
0,49,0,0,0,0,0,0.5,0,0,0,0,0
0,8,0,76,6,1,0,0,29,100,0.07,0,0
0,8,0,76,7,1,0,0,30,100,0.07,0,0
0.54,8,0,48,8,1,0,0,31,100,0,0,0
0.49,8,0,48,9,1,0,0,32,100,0,0,0
66.39,8,674,176,10,1,0,0,10,100,0,0,0
0,49,23,0,0,0,0,1,0,0,0,0,0
0,8,0,76,8,1,0,0,33,100,0.06,0,0
0.56,8,0,48,9,1,0,0,34,100,0,0,0
0,49,0,0,0,0,0,1,0,0,0,0,0
0,49,0,0,0,0,0,1,0,1,0,0,1
0.51,8,0,48,7,1,0,0,35,100,0,0,0
2.42,8,5151,245,8,1,0,0,0,100,0,0,0
0.36,8,0,48,4,1,0,0,36,100,0,0,0
0.47,8,0,48,5,1,0,0,37,100,0,0,0
0.85,8,0,48,6,1,0,0,38,100,0,0,0
0,49,0,0,0,0,0,1,0,1,0,0,1
0,49,0,0,0,0,0,1,0,0,0,0,0
0,49,376,0,0,0,0,1,0,0,0,0,0
108.18,8,66,90,3,1,0,0,11,100,0,0,0
1.12,49,128,219,0,0,0,1,18,27,0,0,0
16.9,8,83159,245,1,1,0,0,0,100,0,0,0
0.79,8,0,48,2,1,0,0,39,100,0,0,0
0,49,0,0,0,0,0,0.5,0,1,0,0,1
0,49,0,0,0,0,0,0.67,0,1,0,0,1
0.62,8,0,48,2,1,0,0,40,100,0,0,0
0.91,8,0,48,3,1,0,0,41,100,0,0,0
0,49,0,0,0,0,0,1,0,0,0,0,0
0,49,0,0,0,0,0,1,0,0,0,0,0
0,49,0,0,1,1,0,0.5,1,1,1,0,0
0,49,0,0,0,0,0,0,0,0,0,0,0
60.04,8,35028,245,0,0,0,0,0,100,0,0,0
0,49,0,0,0,0,0,0,0,1,0,0,1
0,8,0,76,1,1,0,0,42,100,0.07,0,0
0,8,0,76,2,1,0,0,43,100,0.07,0,0
0,49,0,0,0,0,0,1,0,0,0,0,0
0,49,0,0,1,1,1,1,0,2,0,0,1
0,49,0,0,0,0,0,1,0,2,0,0,0
0,49,0,0,1,1,0,0,1,3,1,0,0
0,49,0,0,2,1,0,0,2,4,1,0,0
2.79,8,537,245,0,0,0,0,0,100,0,0,0
0,49,0,0,0,0,0,0,0,2,0,0,1
0,8,0,76,1,1,0,0,44,100,0.07,0,0
19.16,8,659,176,2,1,0,0,0,100,0,0,0
0,49,0,0,0,0,0,0.25,0,1,0,0,1
18.88,8,641,176,3,1,0,0,1,100,0,0,0
2.46,13,0,0,0,0,0,0,0,30,0,0,0
17.16,8,608,176,1,1,0,0,2,100,0,0,0
0,49,0,0,0,0,0,0,0,1,0,0,1
15.29,8,573,176,1,1,0,0,3,100,0,0,0
16.56,8,3086,236,1,1,0,0,0,100,0,0,0
1.8,8,2225,167,1,1,0,0,0,100,0,0,0
16.2,8,3081,236,2,1,0,0,1,100,0,0,0
2.41,49,0,0,0,0,0,0,0,0,0,0,0
0,49,0,0,0,0,0,0,0,1,0,0,1
0,49,0,0,0,0,0,0.5,0,1,0,0,1
1.15,49,128,219,0,0,0,0.67,0,23,0,0,0
0,49,0,0,0,0,0,0.5,0,0,0,0,0
0,49,0,0,0,0,0,0.4,0,1,0,0,1
0,49,0,0,1,1,1,0.5,0,2,0,0,1
1.08,49,128,219,1,1,0,0.57,0,23,0,0,0
6.51,49,2467,1518,2,1,0,0.5,1,24,0,0,0
0,20,0,0,3,0,0,0,13,57,0,0,0.02
2.06,8,2229,167,0,0,0,0,0,100,0,0,0
0,49,0,0,0,0,0,0.33,0,3,0,0,1
6.27,49,2495,1518,3,0.67,0,0.33,1,25,0,0,0
0,49,0,0,0,0,0,0.5,0,0,0,0,0
0,49,0,0,0,0,0,0.33,0,1,0,0,1
1.11,49,128,219,0,0,0,0.5,15,26,0,0,0
0,49,0,0,0,0,0,0.33,0,1,0,0,1
0,49,25,0,0,0,0,0.5,0,0,0,0,0
718.07,49,144805,84251,1,1,0,0.67,16,26,0,0,0
2.22,49,0,0,0,0,0,0.5,0,0,0,0,0
0,8,0,0,0,0,0,0,1,100,1,0,0
3,8,5095,245,1,1,0,0,0,100,0,0,0
13.29,8,571,176,2,1,0,0,4,100,0,0,0
13.36,8,625,176,3,1,0,0,5,100,0,0,0
13.26,8,606,176,4,1,0,0,6,100,0,0,0
178.62,49,183,170269,0,0,0,0,0,0,0,0,0
0,49,0,0,0,0,0,0,0,0,0,0,0
0,49,0,0,0,0,0,0.33,0,0,0,0,0
2.37,49,0,0,0,0,0,0.33,0,0,0,0,0
5.84,8,667,176,3,1,0,0,0,100,0,0,0
13.37,8,600,176,4,1,0,0,7,100,0,0,0
4.44,8,2348,245,2,1,0,0,0,100,0,0,0
25.22,8,641,176,3,1,0,0,11,100,0,0,0
0,49,0,0,0,0,0,0,0,0,0,0,0
0,49,376,0,0,0,0,1,0,0,0,0,0
4.9,8,631,176,4,1,0,0,1,100,0,0,0
4.9,8,634,176,5,1,0,0,2,100,0,0,0
0,49,0,0,0,0,0,1,0,0,0,0,0
0,49,0,0,0,0,0,1,0,1,0,0,1
0,8,0,76,4,1,0,0,45,100,0.07,0,0
0,8,0,76,5,1,0,0,46,100,0.07,0,0
1.11,49,128,219,0,0,0,1,15,25,0,0,0
5.16,8,638,176,2,1,0,0,3,100,0,0,0
5.01,8,2225,167,3,1,0,0,0,100,0,0,0
0,49,0,0,0,0,0,0,0,0,0,0,0
0,49,0,0,0,0,0,0.5,0,0,0,0,0
4.79,8,663,176,2,1,0,0,4,100,0,0,0
4.79,8,668,176,3,1,0,0,5,100,0,0,0
5.7,8,5200,245,2,1,0,0,0,100,0,0,0
0,49,62,0,0,0,0,0,0,0,0,0,0
5.34,8,694,176,1,1,0,0,6,100,0,0,0
5.11,8,659,176,2,1,0,0,7,100,0,0,0
0,49,0,0,0,0,0,1,0,0,0,0,0
2.03,49,0,0,0,0,0,1,0,0,0,0,0
10.26,8,1555,166,2,1,0,0,0,100,0,0,0
10.26,8,1563,166,3,1,0,0,1,100,0,0,0
0,49,0,0,0,0,0,0.67,0,1,0,0,1
2.07,49,0,0,0,0,0,0.75,0,0,0,0,0
4.9,8,625,176,4,1,0,0,8,100,0,0,0
17.24,8,621,176,5,1,0,0,8,100,0,0,0
21.46,8,605,176,6,1,0,0,9,100,0,0,0
22.69,8,633,176,7,1,0,0,10,100,0,0,0
0,49,0,0,0,0,0,0.6,0,1,0,0,1
1.11,49,128,219,0,0,0,0.5,16,25,0,0,0
0,49,0,0,0,0,0,0.4,0,1,0,0,1
18.01,8,631,176,4,1,0,0,11,100,0,0,0
0,49,0,0,0,0,0,0.5,0,0,0,0,0
5.89,8,636,176,1,1,0,0,9,100,0,0,0
7.52,8,641,176,2,1,0,0,10,100,0,0,0
0,49,0,0,0,0,0,1,0,4,0,0,1
6.35,8,633,176,2,1,0,0,11,100,0,0,0
0,49,0,0,0,0,0,1,0,1,0,0,1
0,49,0,0,0,0,0,1,0,0,0,0,0
0,49,0,0,0,0,0,1,0,0,0,0,0
0.12,44,192,192,0,0,0,0,59,94,1,0,0
0,8,0,76,0,0,0,0,34,100,0.06,0,0
11.33,8,92,137,1,1,0,0,2,100,0,0,0
0,49,0,0,0,0,0,1,0,0,0,0,0
0,8,0,76,2,1,0,0,33,100,0.09,0,0
44.55,8,639,176,3,1,0,0,7,100,0,0,0
1.11,49,128,219,0,0,0,0,15,23,0,0,0
14.43,8,667,176,2,1,0,0,12,100,0,0,0
12.34,8,667,176,2,1,0,0,13,100,0,0,0
0,49,0,0,0,0,0,0,0,1,0,0,1
0,13,0,0,0,0,0,0,1,2,0,0,0
3.63,8,1909,245,2,1,0,0,0,100,0,0,0
11.8,8,661,176,3,1,0,0,14,100,0.07,0,0
0,49,0,0,0,0,0,0.5,0,1,0,0,1
0,49,0,0,0,0,0,1,0,5,0,0,1
0,49,0,0,0,0,0,1,0,2,0,0,1
0,49,0,0,0,0,0,1,0,0,0,0,0
0,49,0,0,0,0,0,1,0,2,0,0,1
0,49,0,0,1,1,1,1,0,3,0,0,1
0,49,0,0,0,0,0,1,0,0,0,0,0
0,49,0,0,0,0,0,1,0,1,0,0,1
0,49,0,0,0,0,0,1,0,0,0,0,0
11.97,8,1553,166,0,0,0,0,3,100,0,0,0
11.87,8,1563,166,1,1,0,0,4,100,0,0,0
18.65,8,606,176,2,1,0,0,12,100,0,0,0
0,49,0,0,0,0,0,1,0,0,0,0,0
2.88,8,5140,245,3,1,0,0,1,100,0,0,0
2.36,49,0,0,0,0,0,1,0,0,0,0,0
1.11,49,128,219,0,0,0,0.5,14,21,0,0,0
39.19,8,701,176,4,1,0,0,7,100,0,0,0
0,49,0,0,0,0,0,0.33,0,0,0,0,0
0,49,0,0,0,0,0,0.5,0,0,0,0,0
18.77,8,597,176,2,1,0,0,13,100,0,0,0
0,49,0,0,0,0,0,0.5,0,0,0,0,0
11.16,8,110,166,1,1,0,0,5,100,0,0,0
19.24,8,661,176,2,1,0,0,14,100,0,0,0
2.68,8,2358,245,2,1,0,0,0,100,0,0,0
19.19,8,616,176,3,1,0,0,15,100,0,0,0
0,49,0,0,0,0,0,1,0,0,0,0,0
2.22,49,0,0,0,0,0,0,0,0,0,0,0
0,8,0,76,4,1,0,0,28,100,0.07,0,0
0.82,8,0,48,5,1,0,0,7,100,0,0,0
0,49,0,0,0,0,0,0,0,0,0,0,0
0,49,0,0,1,1,0,0,0,3,0,0,1
7.39,8,674,176,2,1,0,0,15,100,0,0,0
0.93,8,0,48,1,1,0,0,8,100,0,0,0
10.99,8,106,166,2,1,0,0,6,100,0,0,0
0,8,0,76,2,1,0,0,29,100,0.07,0,0
5.11,8,2217,167,3,1,0,0,0,100,0,0,0
1.11,49,128,219,0,0,0,0,15,22,0,0,0
0,49,0,0,0,0,0,0,0,0,0,0,0
310.86,8,122,156,4,1,0,0,7,100,0,0,0
2.33,49,0,0,0,0,0,0,0,0,0,0,0
10.49,8,109,166,0,0,0,0,7,100,0,0,0
0,49,0,0,0,0,0,0,0,0,0,0,0
0,49,0,0,0,0,0,0.5,0,0,0,0,0
10.38,8,113,166,1,1,0,0,8,100,0,0,0
17.92,8,623,176,2,1,0,0,16,100,0,0,0
319.36,8,681,225,3,1,0,0,8,100,0,0,0
19.65,8,1577,166,4,1,0,0,9,100,0,0,0
0,49,0,0,0,0,0,0,0,0,0,0,0
0,49,0,0,0,0,0,1,0,4,0,0,1
1.12,49,128,219,0,0,0,1,14,19,0,0,0
0,49,0,0,0,0,0,0.67,0,1,0,0,1
0,49,0,0,0,0,0,0.75,0,0,0,0,0
17.51,8,626,176,0,0,0,0,17,100,0,0,0
0,49,0,0,0,0,0,0,0,0,0,0,0
16.32,8,118,166,0,0,0,0,10,100,0,0,0
16.44,8,619,176,1,1,0,0,18,100,0,0,0
0,49,0,0,0,0,0,1,0,0,0,0,0
2.08,49,0,0,0,0,0,1,0,0,0,0,0
0,49,0,0,0,0,0,0.67,0,0,0,0,0
0,49,0,0,0,0,0,0.75,0,2,0,0,1
14.37,8,627,176,2,1,0,0,19,100,0,0,0
0,49,0,0,0,0,0,0,0,0,0,0,0
5.78,8,645,176,0,0,0,0,16,100,0,0,0
2.47,49,0,0,0,0,0,0,0,0,0,0,0
66.31,8,687,176,1,1,0,0,9,100,0,0,0
0,49,0,0,0,0,0,0,0,1,0,0,1
3.05,49,0,0,0,0,0,0.5,0,0,0,0,0
1.15,49,128,219,0,0,0,0.33,13,18,0,0,0
4.75,8,643,176,2,1,0,0,0,100,0,0,0
0,49,0,0,0,0,0,0.25,0,0,0,0,0
0,49,0,0,0,0,0,0.4,0,2,0,0,1
4.49,8,652,176,2,1,0,0,1,100,0,0,0
4.59,8,671,176,3,1,0,0,2,100,0,0,0
0,49,0,0,0,0,0,0.5,0,0,0,0,0
3.14,8,2233,167,3,1,0,0,0,100,0,0,0
4.65,8,674,176,4,1,0,0,3,100,0,0,0
0,49,0,0,0,0,0,0.6,0,0,0,0,0
0,8,0,76,2,1,0,0,20,100,0.05,0,0
0,8,0,76,3,1,0,0,20,100,0.05,0,0
5.59,8,666,176,4,1,0,0,17,100,0,0,0
15.68,8,612,176,5,1,0,0,20,100,0,0,0
0,8,0,0,6,1,0,0,18,100,0.06,0,0
0,49,0,0,0,0,0,0,0,0,0,0,0
5.83,8,677,176,5,1,0.2,0.2,19,100,0,0.05,0.01
5.52,8,673,176,6,1,0.17,0.17,4,100,0,0,0.01
11.06,8,1579,166,7,1,0.14,0.14,11,100,0,0,0.01
13.71,8,4488,166,8,1,0.12,0.12,12,100,0,0,0.01
1.66,8,2226,167,9,1,0.11,0.11,0,100,0,0,0.01
5.54,8,648,176,10,1,0.1,0.1,5,100,0,0,0.01
5.8,8,652,176,11,1,0.09,0.09,6,100,0,0,0.01
0,49,0,0,0,0,0,1,0,1,0,0,1
5.62,8,680,176,7,1,0,0,7,100,0,0,0.01
0,49,0,0,0,0,0,1,0,0,0,0,0
15.15,8,606,176,4,1,0,0,21,100,0,0,0.01
1.13,49,128,219,0,0,0,1,13,17,0,0,0
0,49,0,0,0,0,0,0.5,0,0,0,0,0
21.87,8,1,48,1,1,0,0,8,100,0,0,0.01
12.83,8,661,176,2,1,0,0,22,100,0,0,0.01
0,49,0,0,0,0,0,0.5,84,100,1,0,0
2.27,49,0,0,0,0,0,0.33,0,0,0,0,0
5.13,8,660,176,2,1,0,0,8,100,0,0,0.01
14.26,8,634,176,3,1,0,0,23,100,0,0,0.01
4.96,8,641,176,4,1,0,0,9,100,0,0,0.01
4.7,8,656,176,5,1,0,0,10,100,0,0,0.01
5.77,8,664,176,6,1,0,0,20,100,0,0.05,0.01
6.71,8,714,176,7,1,0,0,11,100,0,0,0.01
0,49,0,0,0,0,0,0,0,1,0,0,1
11.47,8,100,166,6,1,0,0,13,100,0,0,0.01
889.64,8,64,148,7,1,0,0,9,100,0,0,0.01
2.47,49,0,0,0,0,0,1,0,0,0,0,0
0,49,0,0,0,0,0,0.5,0,1,0,0,1
0,49,0,0,0,0,0,0.67,0,1,0,0,1
0,49,376,0,0,0,0,0.67,0,0,0,0,0
6.06,8,631,176,0,0,0,0,21,100,0,0.05,0.01
11.95,8,126,166,1,1,0,0,14,100,0,0,0.01
0,13,0,0,0,0,0,0,0,29,0,0,0
5.05,8,662,176,2,1,0,0,12,100,0,0,0.01
4.67,8,662,176,3,1,0,0,13,100,0,0,0.01
0.12,8,0,48,4,1,0,0,0,100,0,0,0.01
5.77,8,646,176,5,1,0,0,14,100,0,0,0.01
0,49,0,0,0,0,0,0,0,0,0,0,0
0,49,0,0,0,0,0,1,0,0,0,0,0
0,49,0,0,0,0,0,1,0,1,0,0,1
0,49,0,0,0,0,0,1,0,1,0,0,1
1.14,49,128,219,0,0,0,1,12,16,0,0,0
5.74,8,644,176,4,1,0,0,15,100,0,0,0.01
12.41,8,619,176,5,1,0,0,19,100,0,0,0.01
0,49,0,0,0,0,0,0.8,0,0,0,0,0
0,49,0,0,0,0,0,0.83,0,0,0,0,0
0,49,0,0,0,0,0,0.86,0,1,0,0,1
0,8,0,76,2,1,0,0,8,100,0.12,0,0.01
0,8,0,76,1,1,0,0,9,100,0.11,0,0.01
6.08,8,646,176,2,1,0,0,16,100,0,0,0.01
6.06,8,650,176,3,1,0,0,17,100,0,0,0.01
6.31,8,648,176,4,1,0,0,21,100,0,0.05,0.01
113.62,8,122,135,5,1,0,0,9,100,0,0,0.01
0,49,0,0,0,0,0,1,0,0,0,0,0
0,8,0,0,6,1,0,0,18,100,0.06,0,0.01
0,8,0,0,7,1,0,0,19,100,0.05,0,0.01
0,8,0,0,8,1,0,0,20,100,0.05,0,0.01
0,8,0,0,9,1,0,0,21,100,0.05,0,0.01
11.42,8,1574,166,10,1,0,0,15,100,0,0,0.01
6.97,8,645,176,10,1,0,0,22,100,0,0,0.01
0,49,0,0,0,0,0,1,0,0,0,0,0
0,49,0,0,0,0,0,0.5,0,0,0,0,0
0,49,376,0,0,0,0,0.5,0,1,0,0,1
0,8,0,8,6,1,0,0,10,100,0,0,0.01
0.3,49,128,66,0,0,0,0.67,0,0,0,0,0
6.48,8,653,176,7,1,0,0,23,100,0,0,0.01
13.28,8,622,176,8,1,0,0,17,100,0,0,0.01
14.23,8,641,176,9,1,0,0,18,100,0,0,0.01
14.36,8,610,176,5,1,0,0,19,100,0,0,0.01
73.48,8,688,176,5,1,0,0,11,100,0,0,0.01
0,8,0,0,2,1,0,0,24,100,0.04,0,0.01
0,8,0,0,3,1,0,0,25,100,0.04,0,0.01
0,8,0,0,4,1,0,0,26,100,0.04,0,0.01
1.14,49,128,219,0,0,0,0,12,16,0,0,0
0,8,0,0,4,1,0,0,27,100,0.04,0,0.01
3.62,8,2202,167,5,1,0,0,0,100,0,0,0.01
6.02,8,659,176,6,1,0,0,28,100,0,0,0.01
5.9,8,658,176,7,1,0,0,29,100,0,0,0.01
17.1,8,1572,166,8,1,0,0,14,100,0,0,0.01
4.68,8,658,176,5,1,0,0,30,100,0,0,0.01
4.71,8,657,176,6,1,0,0,31,100,0,0,0.01
12.36,8,114,137,7,1,0,0,14,100,0,0,0.01
0,49,0,0,0,0,0,0,0,0,0,0,0
0,8,0,0,3,1,0,0,32,100,0.03,0,0.01
5.4,8,689,176,4,1,0,0,11,100,0,0.09,0.01
0,49,0,0,0,0,0,1,0,5,0,0,1
13.86,8,638,176,5,1,0,0,16,100,0,0,0.01
0,44,48,48,0,0,0,0,34,94,1,0,0
0,8,0,0,1,1,0,0,33,100,0.03,0,0.01
0,8,0,0,2,1,0,0,34,100,0.03,0,0.01
2.61,8,2105,244,3,1,0,0,0,100,0,0,0.01
4.61,8,684,176,4,1,0,0,35,100,0,0,0.01
4.57,8,665,176,5,1,0,0,36,100,0,0,0.01
0,49,0,0,0,0,0,0,0,0,0,0,0
4.98,8,652,176,5,1,0,0,37,100,0,0,0.01
4.98,8,622,176,6,1,0,0,38,100,0,0,0.01
9.86,8,83029,245,7,1,0,0,0,100,0,0,0.01
12.4,8,100,137,8,1,0,0,13,100,0,0,0.01
0,8,0,0,9,1,0,0,39,100,0.03,0,0.01
0,8,0,76,5,1,0,0,6,100,0.17,0,0.01
0,49,0,0,0,0,0,0,0,2,0,0,1
0,49,0,0,0,0,0,1,0,1,0,0,1
0,8,0,0,2,1,0,0,40,100,0.03,0,0.01
0,8,0,0,3,1,0,0,41,100,0.02,0,0.01
13.42,8,643,176,4,1,0,0,13,100,0,0,0.01
0,49,0,0,0,0,0,1,0,2,0,0,1
0,49,0,0,0,0,0,1,0,2,0,0,1
1.14,49,128,219,0,0,0,1,12,16,0,0,0
4.86,8,630,176,4,1,0,0,42,100,0,0,0.01
7.03,8,664,176,5,1,0,0,43,100,0,0,0.01
0,49,0,0,0,0,0,0.8,0,1,0,0,1
0,8,0,0,5,1,0,0,44,100,0.02,0,0.01
0,49,0,0,0,0,0,0.75,0,1,0,0,1
0,8,0,0,1,1,0,0,45,100,0.02,0,0.01
0,8,0,76,2,1,0,0,5,100,0,0,0.01
0,49,0,0,0,0,0,0,0,0,0,0,0
0,49,0,0,0,0,0,1,0,2,0,0,1
0,8,0,0,2,1,0,0,46,100,0.02,0,0.01
0,8,0,0,3,1,0,0,47,100,0.02,0,0.01
0,49,0,0,0,0,0,1,0,1,0,0,1
3.47,8,526,245,2,1,0,0,0,100,0,0,0.01
12.2,8,2429,308,3,1,0,0,0,100,0,0,0.01
13.14,8,2473,308,4,1,0,0,1,100,0,0,0.01
0,8,0,0,3,1,0,0,48,100,0.02,0,0.01
0,8,0,0,4,1,0,0,49,100,0.02,0,0.01
1.13,49,128,219,0,0,0,0,13,17,0,0,0
4.98,8,2288,268,2,1,0,0,0,100,0,0,0.01
0,49,30,0,0,0,0,0,0,0,0,0,0
0,8,0,0,3,1,0,0,50,100,0.02,0,0.01
0,49,0,0,0,0,0,0.5,0,0,0,0,0
5.29,8,666,176,2,1,0,0,8,100,0,0.12,0.01
7.38,49,51,0,0,0,0,0.5,0,0,0,0,0
0,8,0,0,2,1,0,0,51,100,0.02,0,0.01
0,8,0,0,3,1,0,0,52,100,0.02,0,0.01
0,8,0,0,4,1,0,0,53,100,0.02,0,0.01
0,49,0,0,0,0,0,0.33,0,1,0,0,1
0,13,0,0,0,0,0,0,2,30,1,0,0
18.35,8,1563,166,4,1,0,0,8,100,0,0,0.01
2.37,49,0,0,0,0,0,1,0,0,0,0,0
7.01,8,1,48,1,1,0,0,5,100,0,0,0.01
10.13,8,121,166,2,1,0,0,9,100,0,0,0.01
264.01,8,0,106,3,1,0,0,6,100,0.17,0,0.01
0,8,0,0,3,1,0,0,50,100,0.02,0,0.01
0,8,0,0,4,1,0,0,51,100,0.02,0,0.01
0,49,0,0,0,0,0,0,0,0,0,0,0
0,49,0,0,0,0,0,0,2,100,1,0,0
0,49,0,0,0,0,0,0,0,0,0,0,0
10.24,8,129,166,5,1,0,0,10,100,0,0,0.01
0,49,0,0,0,0,0,0,0,1,0,0,1
0,8,0,0,3,1,0,0,52,100,0.02,0,0.01
0,8,0,0,4,1,0,0,53,100,0.02,0,0.01
1.13,49,128,219,0,0,0,0.25,14,18,0,0,0
13.17,8,2315,245,5,1,0,0,0,100,0,0,0
5.21,8,627,176,3,1,0,0,5,100,0,0,0
9.5,8,110,166,4,1,0,0,0,100,0,0,0
0,49,0,0,0,0,0,0,0,2,0,0,1
0,8,0,0,2,1,0,0,53,100,0.02,0,0
0,8,0,0,1,1,0,0,54,100,0.02,0,0
0,8,0,8,2,1,0,0,7,100,0.14,0,0
1.11,8,0,48,2,1,0,0,8,100,0,0,0
5.57,8,664,176,3,1,0,0,6,100,0,0,0
0,49,0,0,0,0,0,0,0,0,0,0,0
2.32,49,0,0,0,0,0,0,0,0,0,0,0
0,8,0,29,4,1,0,0,9,100,0.11,0,0
6.18,8,5231,245,5,1,0,0,0,100,0,0,0
0,8,0,76,4,1,0,0,4,100,0,0,0
0,8,0,76,5,1,0,0,5,100,0,0,0
1.12,49,128,219,0,0,0,0,15,18,0,0,0
10.17,8,1,48,6,1,0,0,8,100,0,0,0
0,49,0,0,0,0,0,0,0,0,0,0,0
0.71,8,0,48,5,1,0,0,0,100,0,0,0
0,49,0,0,0,0,0,0,0,1,0,0,1
0.34,49,128,219,1,1,0,0.33,0,19,0,0,0
929.23,8,120,156,4,1,0,0,9,100,0,0,0
0.13,20,72,5,1,0,0,0,0,58,0,0,0.02
1.79,49,2479,1518,2,0.5,0,0.33,1,19,0,0,0
7.03,8,102,137,2,1,0,0,1,100,0,0,0
11.42,8,1579,166,3,1,0,0,10,100,0,0,0
71.4,8,668,176,4,1,0,0,10,100,0,0,0
7.21,8,108,137,4,1,0,0,2,100,0,0,0
11.7,8,114,166,4,1,0,0,10,100,0,0,0
0,49,0,0,0,0,0,0,0,1,0,0,1
0,49,0,0,0,0,0,0.5,0,2,0,0,1
13.93,8,100,137,2,1,0,0,3,100,0,0,0
0,49,0,0,0,0,0,1,0,1,0,0,1
0,49,0,0,0,0,0,1,0,0,0,0,0
0,49,0,0,0,0,0,1,0,0,0,0,0
12.88,8,127,166,2,1,0,0,10,100,0,0,0
46.6,8,34263,245,3,1,0,0,0,100,0,0,0
177.83,49,183,161698,0,0,0,1,0,0,0,0,0
282.14,8,0,106,4,1,0,0,10,100,0.1,0,0
10.51,8,1,48,4,1,0,0,11,100,0,0,0
5.62,8,1115,245,5,1,0,0,0,100,0,0,0
0,49,0,0,0,0,0,0.75,0,0,0,0,0
0.5,8,2352,245,5,1,0,0,0,100,0,0,0
7.48,8,104,166,6,1,0,0,4,100,0,0,0
0,49,0,0,0,0,0,0.5,0,1,0,0,1
2.31,49,0,0,0,0,0,1,0,0,0,0,0
1.14,49,128,219,0,0,0,0.5,14,16,0,0,0
0,49,0,0,0,0,0,0.33,0,0,0,0,0
1.32,8,0,48,0,0,0,0,12,100,0,0,0
5.9,8,645,176,1,1,0,0,5,100,0,0,0
0,49,0,0,0,0,0,0.33,0,1,0,0,1
0,8,0,0,2,1,0,0,6,100,0.17,0,0
1.23,8,2204,260,3,1,0.33,0.33,0,100,0,0,0.01
6.22,8,698,176,4,1,0.25,0.25,6,100,0,0.17,0.01
0,49,0,0,0,0,0,0,0,0,0,0,0
0,49,0,0,0,0,0,1,0,0,0,0,0
0,8,0,76,0,0,0,0,4,100,0,0,0.01
15.62,8,83080,245,1,1,0,0,0,100,0,0,0.01
0,49,0,0,0,0,0,1,0,1,0,0,1
0.42,8,0,76,2,1,0,0,5,100,0,0,0.01
0,49,0,0,0,0,0,1,0,0,0,0,0
460.92,8,34946,262,3,1,0,0,0,100,0,0,0.01
6.06,8,1,48,4,1,0,0,12,100,0,0,0.01
10.21,8,100,137,5,1,0,0,5,100,0,0,0.01
0,49,0,0,0,0,0,0.5,0,0,0,0,0
0,49,0,0,0,0,0,0.67,0,0,0,0,0
1.13,49,128,219,0,0,0,0.67,14,16,0,0,0
12.51,8,131,166,2,1,0,0,10,100,0,0,0.01
16.05,8,4483,166,3,1,0,0,11,100,0,0,0.01
0,8,0,0,2,1,0,0,1,100,1,0,0.01
112.91,8,649,176,3,1,0,0,12,100,0,0,0.01
0,49,0,0,0,0,0,0,0,1,0,0,1
1.32,8,0,48,4,1,0,0,13,100,0,0,0.01
2.07,8,2199,167,3,1,0,0,0,100,0,0,0.01
3.51,8,2223,167,2,1,0,0,0,100,0,0,0.01
0,49,0,0,0,0,0,0,0,0,0,0,0
0,49,0,0,0,0,0,1,0,0,0,0,0
0,8,49,0,2,1,0,0,6,100,0.17,0,0.01
0.98,8,0,48,2,1,0,0,13,100,0,0,0.01
3.06,8,2185,167,3,1,0,0,0,100,0,0,0.01
0,49,0,0,0,0,0,1,0,0,0,0,0
0,49,98,0,0,0,0,1,0,0,0,0,0
0,8,46,0,3,1,0,0,7,100,0.14,0,0.01
1.24,49,128,219,0,0,0,1,0,16,0,0,0
1.14,8,0,48,4,1,0,0,14,100,0,0,0.01
6.61,8,641,176,5,1,0,0,7,100,0,0.14,0.01
12.82,8,1563,166,6,1,0,0,12,100,0,0,0.01
0,49,0,0,0,0,0,0.67,0,0,0,0,0
0,49,0,0,0,0,0,0.5,0,0,0,0,0
0,13,0,0,0,0,0,0,0,31,0,0,0
1.05,8,0,48,6,1,0,0,15,100,0,0,0.01
6.85,49,2469,1518,1,1,0,0.6,1,17,0,0,0
0,49,0,0,0,0,0,0.5,0,0,0,0,0
0,49,0,0,0,0,0,0.5,0,0,0,0,0
0,49,0,0,0,0,0,0.43,0,0,0,0,0
0,49,0,0,1,1,1,0.38,0,1,0,0,1
0,49,0,0,0,0,0,0.44,0,5,0,0,1
1.12,49,128,219,1,1,0,0.5,13,17,0,0,0
67.18,8,648,176,1,1,0,0,16,100,0,0,0.01
0,49,0,0,0,0,0,0.43,0,1,0,0,1
0,49,0,0,0,0,0,0.5,0,1,0,0,1
0,49,0,0,0,0,0,0.57,0,0,0,0,0
242.92,8,11,0,1,1,0,0,12,100,0.08,0,0.01
1.65,8,0,48,2,1,0,0,12,100,0,0,0.01
0,49,0,0,0,0,0,0.5,0,0,0,0,0
0,49,0,0,0,0,0,0.6,0,0,0,0,0
0.36,8,0,76,2,1,0,0,6,100,0.17,0,0.01
5.92,8,1,48,3,1,0,0,17,100,0,0,0.01
62.42,8,677,176,4,1,0,0,18,100,0,0,0.01
6.55,8,0,48,4,1,0,0,19,100,0,0,0.01
178.04,49,184,171042,0,0,0,0,0,0,0,0,0
0,49,0,0,0,0,0,0,0,2,0,0,1
5.06,8,2373,245,1,1,0,0,0,100,0,0,0.01
2.35,49,0,0,0,0,0,0.5,0,0,0,0,0
0.78,8,0,48,1,1,0,0,13,100,0,0,0.01
563.48,8,650,176,2,1,0,0,7,100,0,0.14,0.01
0,8,0,76,3,1,0,0,7,100,0.14,0,0.01
1.13,49,128,219,0,0,0,0,14,18,0,0,0
27.5,8,682,176,3,1,0,0,20,100,0,0,0.01
0,49,0,0,0,0,0,0,0,1,0,0,1
2.06,49,0,0,0,0,0,0.5,0,0,0,0,0
2.94,8,0,48,2,1,0,0,14,100,0,0,0.01
11.81,8,118,166,3,1,0,0,15,100,0,0,0.01
0,49,0,0,0,0,0,0.33,0,0,0,0,0
0,49,0,0,0,0,0,0.5,0,2,0,0,1
0,49,0,0,1,1,1,0.67,0,3,0,0,1
0,8,0,8,0,0,0,0,21,100,0.05,0,0.01
0,49,0,0,0,0,0,1,0,0,0,0,0
0,8,31,0,1,1,0,0,8,100,0.12,0,0.01
0,49,0,0,0,0,0,0,0,0,0,0,0
2.14,49,0,0,0,0,0,1,0,0,0,0,0
0,49,0,0,0,0,0,0.5,0,0,0,0,0
0,49,0,0,0,0,0,0.67,0,0,0,0,0
0,13,0,0,0,0,0,0,0,0,0,0,0
1.12,49,128,219,0,0,0,0.67,14,18,0,0,0
2.35,49,0,0,0,0,0,0,0,0,0,0,0
0,8,39,0,0,0,0,0,9,100,0.11,0,0.01
0,8,0,29,1,1,0,0,15,100,0.07,0,0.01
17.92,8,2259,276,2,1,0,0,0,100,0,0,0.01
0,49,0,0,0,0,0,0,0,2,0,0,1
0,49,0,0,0,0,0,1,0,0,0,0,0
2.08,49,0,0,0,0,0,1,0,0,0,0,0
0,49,0,0,0,0,0,0.5,0,0,0,0,0
0,49,0,0,0,0,0,0.67,0,2,0,0,1
0,49,0,0,0,0,0,0.67,0,0,0,0,0
0,49,0,0,0,0,0,0,0,0,0,0,0
1.12,49,128,219,0,0,0,0.5,14,18,0,0,0
6.42,8,5109,245,0,0,0,0,0,100,0,0,0.01
0,49,0,0,0,0,0,0.33,0,0,0,0,0
3.46,8,3354,245,1,1,0,0,0,100,0,0,0.01
0,49,0,0,0,0,0,0.67,0,0,0,0,0
13.2,8,674,176,0,0,0,0,22,100,0,0,0.01
0,49,0,0,0,0,0,0,0,2,0,0,1
0,49,0,0,0,0,0,1,0,0,0,0,0
0,8,0,76,1,1,0,0,7,100,0.14,0,0.01
0,8,0,76,2,1,0,0,8,100,0.12,0,0.01
2.18,49,0,0,0,0,0,0.5,0,0,0,0,0
3.16,8,527,245,0,0,0,0,0,100,0,0,0.01
0,49,0,0,0,0,0,0,0,0,0,0,0
0,8,10,0,1,1,0,0,16,100,0.06,0,0.01
0,8,10,0,2,1,0,0,17,100,0.12,0,0.01
0,49,0,0,0,0,0,1,0,0,0,0,0
1.13,49,128,219,0,0,0,0.5,14,18,0,0,0
2.47,8,2331,245,3,1,0,0,0,100,0,0,0.01
0,49,0,0,0,0,0,0.33,0,0,0,0,0
0,49,0,0,0,0,0,0.5,0,0,0,0,0
4.4,8,1,48,3,1,0,0,23,100,0,0,0.01
0,49,0,0,0,0,0,0.25,0,1,0,0,1
0.98,8,0,48,1,1,0,0,24,100,0,0,0.01
2.12,8,0,48,2,1,0,0,10,100,0,0,0.01
7.53,8,2528,308,3,1,0,0,0,100,0,0,0.01
1.39,8,0,48,4,1,0,0,25,100,0,0,0.01
2.06,8,0,48,5,1,0,0,11,100,0,0,0.01
2.2,8,0,48,5,1,0,0,12,100,0,0,0.01
4.94,8,633,176,6,1,0,0,0,100,0,0,0.01
4.94,8,655,176,7,1,0,0,1,100,0,0,0.01
4.94,8,653,176,8,1,0,0,2,100,0,0,0.01
4.71,8,651,176,9,1,0,0,3,100,0,0,0.01
43.53,8,646,176,10,1,0,0,25,100,0,0,0.01
117.6,8,679,176,11,1,0,0,26,100,0,0,0.01
0,49,0,0,0,0,0,0,0,2,0,0,1
2.15,8,0,48,9,1,0,0,13,100,0,0,0.01
0,49,0,0,0,0,0,1,0,0,0,0,0
2.43,49,0,0,0,0,0,1,0,0,0,0,0
1.11,49,128,219,0,0,0,0,15,19,0,0,0
1.98,8,0,48,0,0,0,0,14,100,0,0,0.01
1.99,8,0,48,1,1,0,0,15,100,0,0,0.01
40.19,8,2370,308,2,1,0,0,1,100,0,0,0.01
0,8,0,76,3,1,0,0,8,100,0.12,0,0.01
4.57,8,612,176,4,1,0,0,4,100,0,0,0.01
5.39,8,625,176,5,1,0,0,5,100,0,0,0.01
9.46,8,100,137,6,1,0,0,16,100,0,0,0.01
16.28,8,102,137,7,1,0,0,16,100,0,0,0.01
1.72,8,0,48,6,1,0,0,17,100,0,0,0.01
4.59,8,628,176,7,1,0,0,6,100,0,0,0.01
4.59,8,653,176,8,1,0,0,7,100,0,0,0.01
0,49,0,0,0,0,0,0,0,1,0,0,1
0,49,0,0,0,0,0,1,0,0,0,0,0
0,49,0,0,0,0,0,1,0,1,0,0,1
0,49,0,0,0,0,0,1,0,1,0,0,1
0,49,0,0,0,0,0,1,0,2,0,0,1
17.84,8,5102,245,3,1,0,0,0,100,0,0,0.01
2.07,49,0,0,0,0,0,1,0,0,0,0,0
1.63,8,0,48,1,1,0,0,18,100,0,0,0.01
1.65,8,0,48,1,1,0,0,19,100,0,0,0.01
4.52,8,599,176,2,1,0,0,8,100,0,0,0.01
0,49,0,0,0,0,0,0,0,0,0,0,0
2.46,49,0,0,0,0,0,1,0,0,0,0,0
4.58,8,617,176,2,1,0,0,9,100,0,0,0.01
4.59,8,659,176,3,1,0,0,10,100,0,0,0.01
4.55,8,615,176,4,1,0,0,11,100,0,0,0.01
76.01,8,34272,245,5,1,0,0,0,100,0,0,0.01
1.16,49,128,219,0,0,0,0.5,0,19,0,0,0
1.12,49,128,219,1,1,0,0.33,15,20,0,0,0
6.2,8,124,166,6,1,0,0,20,100,0,0,0.01
6.25,49,2475,1469,2,1,0,0,1,20,0,0,0
0,49,0,0,0,0,0,0,0,0,0,0,0
1.58,8,0,48,1,1,0,0,20,100,0,0,0.01
6.37,8,2312,245,2,1,0,0,0,100,0,0,0.01
0,8,0,48,2,1,0,0,21,100,0.05,0,0.01
4.36,8,603,176,3,1,0,0,12,100,0,0,0.01
4.35,8,608,176,4,1,0,0,13,100,0,0,0.01
4.36,8,619,176,5,1,0,0,14,100,0,0,0.01
0,49,0,0,0,0,0,0.5,0,0,0,0,0
0,8,0,48,6,1,0,0,21,100,0.05,0,0.01
4.33,8,608,176,7,1,0,0,15,100,0,0,0.01
0,49,0,0,0,0,0,1,0,1,0,0,1
1.15,49,128,219,0,0,0,1,0,21,0,0,0
1.7,8,0,48,2,1,0,0,20,100,0,0,0.01
351.33,8,29390,294,3,1,0,0,0,100,0,0,0.01
0,8,0,48,2,1,0,0,21,100,0.05,0,0.01
6.64,49,2467,1518,1,1,0,0.5,1,22,0,0,0
0,49,0,0,0,0,0,0.33,0,3,0,0,1
0,20,0,0,2,0,0,0,14,59,0,0,0.02
2.55,8,0,48,3,1,0,0,22,100,0,0,0.01
4.37,8,651,176,4,1,0,0,16,100,0,0,0.01
4.54,8,635,176,5,1,0,0,17,100,0,0,0.01
4.45,8,620,176,6,1,0,0,18,100,0,0,0.01
0,49,0,0,0,0,0,0.33,0,1,0,0,1
0,8,0,48,5,1,0,0,22,100,0.05,0,0
1.15,49,128,219,2,0.5,0,0.67,15,23,0,0,0
4.5,8,633,176,6,1,0,0,19,100,0,0,0
0,8,0,48,6,1,0,0,23,100,0.04,0,0
11.46,8,114,166,7,1,0,0,24,100,0,0,0
0,49,0,0,0,0,0,0.5,0,3,0,0,1
0,49,0,0,0,0,0,0.5,0,1,0,0,1
2.14,49,0,0,0,0,0,1,0,0,0,0,0
4.47,8,629,176,2,1,0,0,20,100,0,0,0
4.34,8,603,176,3,1,0,0,21,100,0,0,0
0,8,0,48,2,1,0,0,25,100,0.04,0,0
4.34,8,639,176,3,1,0,0,22,100,0,0,0
8.73,8,122,166,4,1,0,0,25,100,0,0,0
0,49,0,0,0,0,0,0.5,0,3,0,0,1
0,8,0,76,5,1,0,0,5,100,0.2,0,0
0,8,0,48,6,1,0,0,26,100,0.04,0,0
0,8,0,48,7,1,0,0,27,100,0.04,0,0
3.82,8,2205,167,8,1,0,0,0,100,0,0,0
4.03,8,2205,167,9,1,0,0,1,100,0,0,0
4.39,8,617,176,10,1,0,0,23,100,0,0,0
2.25,49,0,0,0,0,0,1,0,0,0,0,0
0,8,0,48,9,1,0,0,28,100,0.04,0,0
4.55,8,2227,167,10,1,0,0,0,100,0,0,0
10.28,8,2316,245,11,1,0,0,0,100,0,0,0
670.31,8,2109,302,12,1,0,0,0,100,0,0,0
0,8,10,0,10,1,0,0,9,100,0.22,0,0
4.26,8,2260,167,11,1,0,0,0,100,0,0,0
2.9,8,916,175,6,1,0,0,0,100,0,0,0
4.45,8,609,176,7,1,0,0,24,100,0,0,0
4.47,8,611,176,8,1,0,0,25,100,0,0,0
4.55,8,611,176,9,1,0,0,26,100,0,0,0
0,49,0,0,0,0,0,0,0,1,0,0,1
0,8,0,48,6,1,0,0,27,100,0.04,0,0
1.13,49,128,219,0,0,0,1,15,23,0,0,0
4.5,8,637,176,5,1,0,0,27,100,0,0,0
0,8,0,8,2,1,0,0,12,100,0.08,0,0
0,8,10,0,2,1,0,0,7,100,0.29,0,0
0,49,376,0,0,0,0,0,0,1,0,0,1
4.52,8,614,176,2,1,0,0,28,100,0,0,0
4.52,8,604,176,3,1,0,0,29,100,0,0,0
0,49,0,0,0,0,0,1,0,1,0,0,1
0,49,0,0,0,0,0,1,0,0,0,0,0
8.26,8,118,166,2,1,0,0,28,100,0,0,0
7.9,8,104,137,1,1,0,0,29,100,0,0,0
0,8,0,48,1,1,0,0,30,100,0.07,0,0
0,49,0,0,0,0,0,0,0,0,0,0,0
0.33,49,0,0,0,0,0,1,0,0,0,0,0
0.32,49,0,0,0,0,0,0.5,0,1,0,0,0
0,8,0,48,2,1,0,0,10,100,0.2,0,0
1.12,49,128,219,0,0,0,0.33,15,23,0,0,0
0,49,0,0,1,1,0,0.25,0,0,0,0,0
0,49,0,0,2,1,0,0,1,1,1,0,0
0,8,0,48,1,1,0,0,31,100,0.03,0,0
0,49,0,0,2,1,0,0,2,2,1,0,0
0,8,0,48,1,1,0,0,32,100,0.06,0,0
0,8,0,48,2,1,0,0,33,100,0.03,0,0
33.12,8,5123,245,3,1,0,0,0,100,0,0,0
0,49,0,0,0,0,0,0,0,0,0,0,0
0,8,33,0,3,1,0,0,33,100,0.03,0,0
0,49,0,0,0,0,0,0,0,0,0,0,0
0,49,0,0,0,0,0,0,0,0,0,0,0
0,49,0,0,0,0,0,0.33,0,1,0,0,1
0,8,0,48,1,1,0,0,33,100,0.03,0,0
67.67,8,123,137,2,1,0,0,34,100,0,0,0
0,8,0,48,2,1,0,0,35,100,0.06,0,0
9.18,8,3034,325,3,1,0,0,0,100,0,0,0
0,8,33,0,2,1,0,0,36,100,0.03,0,0
1.13,49,128,219,0,0,0,0,16,24,0,0,0
0,8,0,48,3,1,0,0,37,100,0.05,0,0
0,8,0,48,4,1,0,0,38,100,0.05,0,0
0,8,0,76,5,1,0,0,2,100,0,0,0
0,8,0,76,6,1,0,0,3,100,0,0,0
0,49,0,0,0,0,0,0,0,2,0,0,1
0,8,0,48,5,1,0,0,39,100,0.05,0,0
10.58,8,2549,308,5,1,0,0,0,100,0,0,0
13.23,8,2533,308,6,1,0,0,1,100,0,0,0
0,49,0,0,0,0,0,1,0,1,0,0,1
0,8,0,48,3,1,0,0,40,100,0.05,0,0
0,49,0,0,0,0,0,1,0,0,0,0,0
0,49,0,0,0,0,0,1,0,0,0,0,0
0,49,41,0,0,0,0,1,0,0,0,0,0
2.25,49,0,0,0,0,0,1,0,0,0,0,0
0,8,0,48,1,1,0,0,41,100,0.05,0,0
0,8,0,48,2,1,0,0,41,100,0.05,0,0
1.13,49,128,219,0,0,0,0,16,24,0,0,0
0,49,0,0,0,0,0,0,0,0,0,0,0
0,49,0,0,0,0,0,0,88,100,1,0,0
7.26,49,51,0,0,0,0,0,0,1,0,0,0
0,49,0,0,0,0,0,0,0,1,0,0,1
0.76,8,0,0,0,0,0,0,0,100,0,0,0
0,8,42,0,1,1,0,0,42,100,0.02,0,0
0,49,0,0,0,0,0,0,0,0,0,0,0
0,49,0,0,0,0,0,1,0,1,0,0,1
0,49,0,0,0,0,0,1,0,0,0,0,0
107.8,8,39671,245,1,1,0,0,0,100,0,0,0
5.44,8,624,176,2,1,0,0,0,100,0,0,0
5.44,8,645,176,3,1,0,0,1,100,0,0,0
5.45,8,670,176,4,1,0,0,2,100,0,0,0
5.47,8,624,176,5,1,0,0,3,100,0,0,0
2.07,49,0,0,0,0,0,0,0,0,0,0,0
0,8,0,76,0,0,0,0,4,100,0.25,0,0
1.13,49,128,219,0,0,0,0,16,24,0,0,0
2.58,8,2650,678,1,1,0,0,0,100,0,0,0
11.11,8,3070,245,2,1,0,0,0,100,0,0,0
0,49,0,0,0,0,0,0,0,1,0,0,1
1.29,8,2449,308,2,1,0,0,1,100,0,0,0
4.75,8,650,176,3,1,0,0,4,100,0,0,0
5.55,8,666,176,4,1,0,0,5,100,0,0,0
5.4,8,647,176,5,1,0,0,6,100,0,0,0
5.55,8,619,176,6,1,0,0,7,100,0,0,0
0,49,0,0,0,0,0,0.5,0,1,0,0,1
0,49,0,0,0,0,0,0.67,0,1,0,0,1
0,8,0,48,7,1,0,0,38,100,0.05,0,0
0,49,0,0,0,0,0,1,0,0,0,0,0
0,8,0,48,1,1,0,0,39,100,0.05,0,0
2.04,49,0,0,0,0,0,1,0,0,0,0,0
1.61,8,2206,167,1,1,0,0,0,100,0,0,0
2.12,8,0,48,2,1,0,0,38,100,0,0,0
4.38,8,664,176,3,1,0,0,8,100,0,0,0
4.31,8,660,176,3,1,0,0,9,100,0,0,0
4.31,8,634,176,4,1,0,0,10,100,0,0,0
4.31,8,636,176,5,1,0,0,11,100,0,0,0
2.25,49,0,0,0,0,0,0,0,0,0,0,0
1.96,8,0,48,6,1,0,0,37,100,0,0,0
1.12,49,128,219,0,0,0,0,15,23,0,0,0
4.41,8,618,176,0,0,0,0,12,100,0,0,0
4.32,8,623,176,1,1,0,0,13,100,0,0,0
0,49,0,0,0,0,0,0,0,0,0,0,0
4.34,8,619,176,2,1,0,0,14,100,0,0,0
0,8,0,48,3,1,0,0,37,100,0.05,0,0
1.9,8,0,48,4,1,0,0,38,100,0,0,0
4.35,8,623,176,5,1,0,0,15,100,0,0,0
3.85,8,2216,167,6,1,0,0,0,100,0,0,0
0,49,0,0,0,0,0,0,0,0,0,0,0
0,49,0,0,0,0,0,0,0,0,0,0,0
3.07,8,2206,167,5,1,0,0,0,100,0,0,0
3.17,8,2206,167,6,1,0,0,1,100,0,0,0
0,49,0,0,0,0,0,0,0,0,0,0,0
1.73,8,0,48,6,1,0,0,36,100,0,0,0
4.37,8,620,176,7,1,0,0,16,100,0,0,0
2.11,8,2189,167,4,1,0,0,0,100,0,0,0
4.46,8,648,176,5,1,0,0,17,100,0,0,0
0,49,0,0,0,0,0,0,0,1,0,0,1
0,49,0,0,0,0,0,1,0,0,0,0,0
0,8,0,48,4,1,0,0,37,100,0.03,0,0
4.45,8,651,176,5,1,0,0,18,100,0,0,0
4.38,8,636,176,6,1,0,0,19,100,0,0,0
0,8,0,0,5,1,0,0,2,100,0.5,0,0
0,8,0,0,6,1,0,0,3,100,0.33,0,0
0,8,0,48,7,1,0,0,2,100,0.5,0,0
0,49,0,0,0,0,0,0.5,0,3,0,0,1
1.17,49,128,219,0,0,0,0.5,16,22,0,0,0
0,49,0,0,0,0,0,0.33,0,1,0,0,1
0,49,0,0,0,0,0,0.67,0,0,0,0,0
2.36,49,0,0,0,0,0,0.5,0,0,0,0,0
0,8,0,76,3,1,0,0,4,100,0.25,0,0
4.4,8,618,176,4,1,0,0,20,100,0,0,0
4.4,8,652,176,5,1,0,0,21,100,0,0,0
0,8,0,48,3,1,0,0,34,100,0.03,0,0
2.09,8,0,48,4,1,0,0,35,100,0,0,0
4.46,8,636,176,5,1,0,0,22,100,0,0,0
4.45,8,642,176,6,1,0,0,23,100,0,0,0
0,49,0,0,0,0,0,0,0,0,0,0,0
1.8,8,0,48,1,1,0,0,34,100,0,0,0
0,49,0,0,0,0,0,1,0,0,0,0,0
4.43,8,617,176,1,1,0,0,24,100,0,0,0
4.35,8,644,176,2,1,0,0,25,100,0,0,0
14.81,8,10359,338,3,1,0,0,0,100,0,0,0
0,8,0,8,4,1,0,0,3,100,0.33,0,0
4.48,8,636,176,5,1,0,0,26,100,0,0,0
4.39,8,628,176,6,1,0,0,27,100,0,0,0
11.01,8,100,166,7,1,0,0,31,100,0,0,0
0,8,0,48,7,1,0,0,32,100,0.03,0,0
1.68,8,10,29,8,1,0,0,2,100,0.5,0,0
2.24,8,2446,308,9,1,0,0,0,100,0,0,0
2.31,8,2476,308,10,1,0,0,1,100,0,0,0
11.23,8,108,166,11,1,0,0,32,100,0,0,0
0,49,0,0,0,0,0,0,0,0,0,0,0
0,49,158,0,0,0,0,0,5,100,0,1,1
1.13,49,128,219,0,0,0,0.5,17,23,0,0,0
0,8,0,48,5,1,0,0,33,100,0.03,0,0
4.68,8,656,176,6,1,0,0,28,100,0,0,0
4.75,8,619,176,7,1,0,0,29,100,0,0,0
0,49,0,0,0,0,0,0.33,0,0,0,0,0
0,8,0,48,3,1,0,0,34,100,0.03,0,0
0,49,0,0,0,0,0,0.67,0,0,0,0,0
0,49,0,0,0,0,0,1,0,0,0,0,0
0,8,0,48,1,1,0,0,35,100,0.06,0,0
0,8,0,48,2,1,0,0,36,100,0.03,0,0
0,49,0,0,0,0,0,1,0,0,0,0,0
0,49,130,0,0,0,0,1,0,0,0,0,0
0,49,0,0,0,0,0,1,0,0,0,0,0
0,8,0,48,2,1,0,0,37,100,0.03,0,0
2.24,49,0,0,0,0,0,0,0,0,0,0,0
12.94,8,3673,434,1,1,0,0,0,100,0,0,0
0,8,0,48,1,1,0,0,37,100,0.03,0,0
0,49,0,0,0,0,0,0,0,1,0,0,1
3.43,8,10,29,2,1,0,0,2,100,0.5,0,0
1.17,49,128,219,0,0,0,1,17,23,0,0,0
2.78,8,2178,167,2,1,0,0,0,100,0,0,0
3.08,8,2367,308,3,1,0,0,0,100,0,0,0
2.47,8,2557,308,3,1,0,0,1,100,0,0,0
0,49,0,0,0,0,0,0,0,0,0,0,0
0,49,22,0,0,0,0,0.5,0,0,0,0,0
0,8,0,48,3,1,0,0,38,100,0.03,0,0
0,8,0,48,4,1,0,0,38,100,0.03,0,0
11.31,8,111,166,5,1,0,0,38,100,0,0,0
0,8,0,48,4,1,0,0,38,100,0.03,0,0
8.94,8,104,166,4,1,0,0,39,100,0,0,0
690.59,8,0,106,5,1,0,0,39,100,0,0,0
0.4,8,0,0,3,1,0,0,0,100,0,0,0
0,8,0,76,3,1,0,0,4,100,0.25,0,0
0,8,0,76,4,1,0,0,5,100,0.2,0,0
2.38,8,0,48,5,1,0,0,37,100,0,0,0
0,27,0,0,0,0,0,0,0,0,0,0,0
628.21,8,11,39,6,1,0,0,37,100,0.03,0,0
0,8,0,48,5,1,0,0,37,100,0.03,0,0
0,8,0,48,6,1,0,0,37,100,0.03,0,0
5.73,49,0,0,0,0,0,0,0,0,0,0,0
0,8,0,48,2,1,0,0,38,100,0.03,0,0
1.13,49,128,219,0,0,0,0,18,24,0,0,0
2.13,8,0,48,1,1,0,0,38,100,0,0,0
0,49,0,0,0,0,0,0,0,0,0,0,0
8.39,8,90,137,1,1,0,0,38,100,0,0,0
0,49,0,0,0,0,0,1,0,3,0,0,1
3.47,8,2074,236,1,1,0,0,0,100,0,0,0
4,8,3080,245,2,1,0,0,0,100,0,0,0
0,49,0,0,0,0,0,1,0,0,0,0,0
0,49,0,0,0,0,0,1,0,0,0,0,0
8.33,8,95,137,1,1,0,0,38,100,0,0,0
0,49,0,0,0,0,0,1,0,0,0,0,0
13.22,8,95,137,1,1,0,0,38,100,0,0,0
0,49,0,0,0,0,0,1,0,2,0,0,1
0,49,0,0,0,0,0,1,0,0,0,0,0
0,49,0,0,0,0,0,1,0,0,0,0,0
0,8,0,48,1,1,0,0,39,100,0.05,0,0
0,8,0,48,1,1,0,0,40,100,0.05,0,0
1.16,49,128,219,0,0,0,0,18,22,0,0,0
35.38,8,5186,236,2,1,0,0,0,100,0,0,0
0,8,0,48,2,1,0,0,39,100,0.05,0,0
0,8,0,48,3,1,0,0,39,100,0.03,0,0
0,8,0,76,4,1,0,0,4,100,0.25,0,0
0,49,0,0,0,0,0,0,0,0,0,0,0
0,49,0,0,0,0,0,0.5,0,0,0,0,0
0,8,0,48,3,1,0,0,39,100,0.03,0,0
0,8,0,48,1,1,0,0,40,100,0.05,0,0
0,8,31,0,2,1,0,0,41,100,0.02,0,0
0,8,28,0,3,1,0,0,42,100,0.02,0,0
0,49,0,0,0,0,0,0,0,2,0,0,1
1.35,8,0,48,4,1,0,0,0,100,0,0,0
0,49,0,0,0,0,0,1,0,0,0,0,0
0,49,0,0,0,0,0,1,0,1,0,0,1
0,8,0,48,4,1,0,0,43,100,0.05,0,0
0,8,29,0,5,1,0,0,44,100,0.02,0,0
17.49,8,44,151,6,1,0,0,0,100,0,0,0
1.14,49,128,219,0,0,0,0,18,22,0,0,0
0,8,0,48,0,0,0,0,45,100,0.02,0,0
0,49,0,0,0,0,0,0,0,0,0,0,0
0,49,0,0,0,0,0,0.5,0,1,0,0,1
0,8,0,48,0,0,0,0,46,100,0.02,0,0
3.81,8,518,245,1,1,0,0,0,100,0,0,0
5.92,8,4699,208,2,1,0,0,0,100,0,0,0
0,49,23,0,0,0,0,0,0,0,0,0,0
0,8,0,48,0,0,0,0,47,100,0.02,0,0
0,49,0,0,0,0,0,1,0,0,0,0,0
0,8,0,48,1,1,0,0,48,100,0.04,0,0
0,8,34,0,2,1,0,0,48,100,0.02,0,0
7.58,8,11165,330,3,1,0,0,0,100,0,0,0
1.17,49,128,219,0,0,0,1,19,23,0,0,0
8.69,8,15351,431,3,1,0,0,0,100,0,0,0
0,8,0,0,1,1,0,0,47,100,0.02,0,0
0,8,0,48,2,1,0,0,48,100,0.02,0,0
0,49,0,0,0,0,0,0,0,0,0,0,0
0,49,0,0,0,0,0,0.5,0,0,0,0,0
0,8,0,48,3,1,0,0,2,100,0.5,0,0
0,49,0,0,0,0,0,1,0,1,0,0,1
0,8,0,76,1,1,0,0,4,100,0.25,0,0
0,49,0,0,0,0,0,1,0,0,0,0,0
2.37,49,0,0,0,0,0,1,0,0,0,0,0
0,8,0,48,1,1,0,0,49,100,0.02,0,0
2.24,49,0,0,0,0,0,0,0,0,0,0,0
4.13,8,5204,245,1,1,0,0,0,100,0,0,0
3.57,8,5213,245,1,1,0,0,1,100,0,0,0
5.32,8,2202,167,2,1,0,0,0,100,0,0,0
1.17,49,128,219,0,0,0,0,19,23,0,0,0
0,8,0,8,2,1,0,0,3,100,0.33,0,0
3.67,8,5146,245,3,1,0,0,2,100,0,0,0
0,49,0,0,0,0,0,0,0,3,0,0,1
0,8,0,48,2,1,0,0,47,100,0.02,0,0
0,8,0,29,3,1,0,0,2,100,0.5,0,0
4.32,8,2226,167,4,1,0,0,0,100,0,0,0
41.31,8,714,176,5,1,0,0,0,100,0,0,0
41.52,8,697,176,6,1,0,0,1,100,0,0,0
41.52,8,672,176,7,1,0,0,2,100,0,0,0
41.52,8,685,176,8,1,0,0,3,100,0,0,0
0,8,0,48,7,1,0,0,47,100,0.02,0,0
0,49,0,0,0,0,0,0,0,1,0,0,1
0,49,0,0,0,0,0,1,0,0,0,0,0
0,49,0,0,0,0,0,0.5,0,0,0,0,0
4.72,8,2306,245,1,1,0,0,0,100,0,0,0
0,8,0,48,1,1,0,0,47,100,0.02,0,0
0,49,0,0,0,0,0,0,0,0,0,0,0
0,49,0,0,0,0,0,1,0,0,0,0,0
690.53,8,0,106,2,1,0,0,48,100,0,0,0
1.17,49,128,219,0,0,0,1,19,23,0,0,0
2.27,49,0,0,0,0,0,0,0,0,0,0,0
0,8,0,48,0,0,0,0,49,100,0.04,0,0
2.16,8,2195,167,1,1,0,0,0,100,0,0,0
0,8,0,29,2,1,0,0,3,100,0.33,0,0
0,8,0,48,2,1,0,0,50,100,0.04,0,0
163.41,8,6002,245,2,1,0,0,0,100,0,0,0
0,8,0,48,2,1,0,0,51,100,0.02,0,0
0,49,0,0,0,0,0,0,0,1,0,0,1
0,49,0,0,0,0,0,1,0,0,0,0,0
0,8,0,48,2,1,0,0,52,100,0.04,0,0
0,8,0,48,3,1,0,0,52,100,0.02,0,0
4.95,8,680,176,3,1,0,0,0,100,0,0,0
1.14,49,128,219,0,0,0,0,20,24,0,0,0
4.67,8,672,176,3,1,0,0,1,100,0,0,0
4.67,8,670,176,4,1,0,0,2,100,0,0,0
4.67,8,704,176,5,1,0,0,3,100,0,0,0
0,8,0,76,4,1,0,0,4,100,0.25,0,0
0,8,0,76,5,1,0,0,5,100,0.2,0,0
2.38,49,0,0,0,0,0,0,0,0,0,0,0
0,8,0,48,5,1,0,0,51,100,0.02,0,0
0,8,0,48,6,1,0,0,52,100,0.02,0,0
1.91,8,0,48,7,1,0,0,53,100,0,0,0
2,8,0,48,3,1,0,0,54,100,0,0,0
0,8,0,48,1,1,0,0,54,100,0.04,0,0
2.69,8,5198,245,2,1,0,0,0,100,0,0,0
0,8,0,58,3,1,0,0,2,100,0,0,0
0,49,0,0,0,0,0,0,0,0,0,0,0
0,49,0,0,0,0,0,1,0,0,0,0,0
4.67,8,681,176,0,0,0,0,4,100,0,0,0
0,49,0,0,0,0,0,0.5,0,1,0,0,1
0,49,0,0,0,0,0,0.67,0,1,0,0,1
0,8,0,58,1,1,0,0,3,100,0,0,0
1.15,49,128,219,0,0,0,1,19,23,0,0,0
605.39,8,0,106,2,1,0,0,5,100,0,0,0
0,8,0,48,2,1,0,0,52,100,0.04,0,0
605.36,8,0,106,3,1,0,0,6,100,0,0,0
0,8,0,48,2,1,0,0,53,100,0.04,0,0
1.38,8,0,48,3,1,0,0,53,100,0,0,0
1.74,8,0,48,2,1,0,0,53,100,0,0,0
0,49,0,0,0,0,0,0,0,0,0,0,0
4.67,8,685,176,3,1,0,0,7,100,0,0,0
0,49,0,0,0,0,0,1,0,1,0,0,1
0,49,0,0,0,0,0,1,0,0,0,0,0
3.18,8,2194,167,2,1,0,0,0,100,0,0,0
5.74,8,2424,308,3,1,0,0,0,100,0,0,0
12.15,8,2469,308,4,1,0,0,1,100,0,0,0
0,49,0,0,0,0,0,1,0,0,0,0,0
2.13,49,0,0,0,0,0,1,0,0,0,0,0
0,8,0,48,4,1,0,0,51,100,0.02,0,0
1.03,8,0,76,5,1,0,0,6,100,0.17,0,0
2.53,8,0,48,6,1,0,0,52,100,0,0,0
14.34,8,6537,426,7,1,0,0,0,100,0,0,0
0,8,0,48,7,1,0,0,52,100,0.02,0,0
4.38,8,5215,245,8,1,0,0,0,100,0,0,0
19.08,8,2105,260,9,1,0,0,0,100,0,0,0
46.61,8,38389,2991,10,1,0,0,0,100,0,0,0
0,49,0,0,0,0,0,0.5,0,2,0,0,1
602.03,8,0,106,11,1,0,0,8,100,0,0,0
0,8,0,48,9,1,0,0,48,100,0.02,0,0
1.17,49,128,219,0,0,0,0.5,19,23,0,0,0
4.06,8,5159,245,10,1,0,0,0,100,0,0,0
0,49,0,0,0,0,0,0.33,0,0,0,0,0
4.67,8,707,176,7,1,0,0,9,100,0,0,0
0,49,0,0,0,0,0,0.67,0,1,0,0,1
74.61,8,0,0,1,1,0,0,0,100,0,0,0
0,13,0,0,0,0,0,0,0,0,0,0,0
4.51,8,5230,245,1,1,0,0,0,100,0,0,0
0,8,0,48,1,1,0,0,47,100,0.02,0,0
3.88,8,3095,245,2,1,0,0,0,100,0,0,0
4.61,8,636,176,3,1,0,0,10,100,0,0,0
74.61,8,0,0,4,1,0,0,1,100,0,0,0
74.69,8,0,0,5,1,0,0,2,100,0,0,0
0,49,0,0,0,0,0,0,0,1,0,0,1
3.06,8,2210,167,6,1,0,0,0,100,0,0,0
7.39,49,51,0,0,0,0,1,0,1,0,0,0
0,8,0,48,6,1,0,0,43,100,0.02,0,0
37.75,8,683,176,7,1,0,0,4,100,0,0,0
37.15,8,696,176,8,1,0,0,5,100,0,0,0
0,49,0,0,0,0,0,0.5,0,0,0,0,0
0,49,0,0,0,0,0,0.67,0,1,0,0,1
0,8,0,48,3,1,0,0,42,100,0.02,0,0
1.13,49,128,219,0,0,0,1,19,22,0,0,0
36.39,8,692,176,4,1,0,0,6,100,0,0,0
36.68,8,730,176,5,1,0,0,7,100,0,0,0
0,49,0,0,0,0,0,0,0,0,0,0,0
74.67,8,0,0,3,1,0,0,3,100,0,0,0
0,49,0,0,0,0,0,0,0,2,0,0,1
0,49,0,0,0,0,0,0.33,0,0,0,0,0
605.93,8,0,106,4,1,0,0,4,100,0,0,0
0,8,0,48,2,1,0,0,39,100,0.03,0,0
0,49,0,0,0,0,0,0.67,0,1,0,0,1
0,8,0,58,3,1,0,0,4,100,0.25,0,0
0,49,376,0,0,0,0,1,0,0,0,0,0
0,8,0,48,2,1,0,0,39,100,0.03,0,0
4.66,8,650,176,3,1,0,0,11,100,0,0,0
0,49,0,0,0,0,0,1,0,2,0,0,1
2.49,49,0,0,0,0,0,1,0,0,0,0,0
0,49,0,0,0,0,0,0.67,0,1,0,0,1
2.09,49,0,0,0,0,0,0.75,0,0,0,0,0
0,8,0,106,2,1,0,0,5,100,0,0,0
0,8,0,48,3,1,0,0,37,100,0.03,0,0
4.14,8,2218,167,4,1,0,0,0,100,0,0,0
4.09,8,2189,167,5,1,0,0,0,100,0,0,0
5.54,8,933,245,6,1,0,0,0,100,0,0,0
0,49,0,0,1,1,1,0.6,0,3,0,0,1
0,8,0,48,5,1,0,0,6,100,0.17,0,0
0,49,376,0,0,0,0,0.5,0,0,0,0,0
0,8,0,76,1,1,0,0,4,100,0.25,0,0
1.14,49,128,219,0,0,0,1,20,20,0,0,0
0,8,0,48,1,1,0,0,34,100,0.03,0,0
0,8,10,0,2,1,0,0,2,100,0.5,0,0
0,49,0,0,0,0,0,0.5,0,1,0,0,1
0,49,0,0,0,0,0,0.67,0,0,0,0,0
0,8,0,48,3,1,0,0,35,100,0.03,0,0
5.12,8,7168,245,4,1,0,0,0,100,0,0,0
2.14,49,0,0,0,0,0,1,0,0,0,0,0
4.64,8,685,176,4,1,0,0,12,100,0,0,0
4.95,8,7158,245,5,1,0,0,0,100,0,0,0
4.75,8,2233,167,4,1,0,0,0,100,0,0,0
0,8,0,48,1,1,0,0,33,100,0.03,0,0
0,8,0,8,2,1,0,0,7,100,0.14,0,0
0,49,0,0,0,0,0,0,0,0,0,0,0
0,8,0,48,2,1,0,0,32,100,0.03,0,0
0,49,0,0,0,0,0,1,0,0,0,0,0
0,49,0,0,0,0,0,1,0,0,0,0,0
4.6,8,675,176,3,1,0,0,13,100,0,0,0
11.83,8,10203,338,4,1,0,0,0,100,0,0,0
0,49,0,0,0,0,0,1,0,1,0,0,1
0,8,0,48,3,1,0,0,32,100,0.03,0,0
0,49,0,0,1,1,1,1,0,1,0,0,1
0,49,0,0,0,0,0,1,25,25,1,0,0
2.13,49,0,0,0,0,0,0.67,0,0,0,0,0
0,8,0,48,0,0,0,0,33,100,0.03,0,0
0,8,0,48,1,1,0,0,34,100,0.03,0,0
1.14,49,128,219,0,0,0,0,19,19,0,0,0
0,49,0,0,0,0,0,0,0,1,0,0,1
2.18,49,0,0,0,0,0,0.5,0,0,0,0,0
0.65,8,2476,308,2,1,0,0,0,100,0,0,0
4.96,8,645,176,3,1,0,0,14,100,0,0,0
0,49,0,0,0,0,0,0.33,0,1,0,0,1
0,49,78,0,0,0,0,0.5,0,0,0,0,0
0,8,0,48,2,1,0,0,35,100,0.03,0,0
0,8,0,48,3,1,0,0,35,100,0.06,0,0
0,49,0,0,0,0,0,1,0,1,0,0,1
2.6,8,2232,184,2,1,0,0,0,100,0,0,0
4.31,8,5185,245,3,1,0,0,0,100,0,0,0
0,49,0,0,0,0,0,1,0,1,0,0,1
0,8,0,48,3,1,0,0,36,100,0.06,0,0
0,8,0,29,4,1,0,0,2,100,0.5,0,0
0.57,8,2430,308,5,1,0,0,1,100,0,0,0
0.76,8,0,48,6,1,0,0,0,100,0,0,0
0,8,0,48,6,1,0,0,36,100,0.06,0,0
0,49,0,0,0,0,0,1,0,1,0,0,1
512.62,8,23,140,5,1,0,0,15,100,0,0,0
0,8,0,48,2,1,0,0,36,100,0.03,0,0
1.73,8,2467,308,3,1,0,0,0,100,0,0,0
1.78,8,2531,308,4,1,0,0,1,100,0,0,0
0,49,0,0,0,0,0,1,0,0,0,0,0
0,8,0,48,4,1,0,0,35,100,0.03,0,0
0,8,0,48,5,1,0,0,36,100,0.03,0,0
1.15,49,128,219,0,0,0,1,18,18,0,0,0
0,49,0,0,0,0,0,0.5,0,0,0,0,0
592.94,8,136,156,6,1,0,0,5,100,0,0,0
879.49,8,663,193,7,1,0,0,6,100,0,0,0
0,49,0,0,0,0,0,0.67,0,1,0,0,1
0,8,0,0,0,0,0,0,4,100,0.25,0,0
0,8,0,0,1,1,0,0,5,100,0.2,0,0
3.92,8,7133,245,2,1,0,0,0,100,0,0,0
74.74,8,0,0,3,1,0,0,7,100,0,0,0
0,8,0,48,4,1,0,0,33,100,0.03,0,0
0,8,0,48,5,1,0,0,34,100,0.03,0,0
0,8,0,58,6,1,0,0,6,100,0.17,0,0
10.65,8,1952,309,7,1,0,0,0,100,0,0,0
30.36,8,706,176,4,1,0,0,4,100,0,0,0
74.77,8,0,0,5,1,0,0,8,100,0,0,0
0,49,0,0,0,0,0,0,0,1,0,0,1
0,8,0,48,3,1,0,0,33,100,0.03,0,0
30.3,8,684,176,4,1,0,0,5,100,0,0,0
30.44,8,689,176,5,1,0,0,6,100,0,0,0
30.17,8,703,176,6,1,0,0,7,100,0,0,0
0,49,0,0,0,0,0,1,0,3,0,0,1
4.64,8,7135,245,6,1,0,0,0,100,0,0,0
0,49,0,0,0,0,0,1,0,0,0,0,0
0,49,0,0,0,0,0,1,0,1,0,0,1
0,49,376,0,0,0,0,1,0,2,0,0,1
2.43,49,0,0,0,0,0,1,0,0,0,0,0
0,8,0,48,1,1,0,0,31,100,0.06,0,0
0.45,8,0,48,2,1,0,0,11,100,0,0,0
0.46,8,0,48,2,1,0,0,12,100,0,0,0
0.57,8,0,48,3,1,0,0,12,100,0,0,0
1.07,49,128,219,0,0,0,0.75,0,18,0,0,0
7.11,8,2524,308,4,1,0,0,0,100,0,0,0
7.6,8,2584,678,5,1,0,0,1,100,0,0,0
11.9,49,1939,1069,1,1,0,0.33,1,19,0,0,0
0,49,0,0,0,0,0,0.25,0,0,0,0,0
0,49,0,0,0,0,0,0.2,0,1,0,0,1
514.1,8,101,156,6,1,0,0,12,100,0,0,0
874.93,8,56,140,7,1,0,0,9,100,0,0,0
0,49,0,0,0,0,0,0.25,0,0,0,0,0
2.32,49,0,0,0,0,0,0.5,0,0,0,0,0
0,8,0,48,2,1,0,0,28,100,0,0,0
0.37,8,0,48,1,1,0,0,12,100,0,0,0
0.46,8,0,48,2,1,0,0,13,100,0,0,0
3.95,8,2220,167,3,1,0,0,0,100,0,0,0
0,49,0,0,0,0,0,0.5,0,0,0,0,0
0,49,0,0,0,0,0,0.67,0,2,0,0,1
0,8,0,48,4,1,0,0,29,100,0,0,0
